ListingKey,ListingNumber,ListingCreationDate,CreditGrade,Term,LoanStatus,ClosedDate,BorrowerAPR,BorrowerRate,LenderYield,EstimatedEffectiveYield,EstimatedLoss,EstimatedReturn,ProsperRating (numeric),ProsperRating (Alpha),ProsperScore,ListingCategory (numeric),BorrowerState,Occupation,EmploymentStatus,EmploymentStatusDuration,IsBorrowerHomeowner,CurrentlyInGroup,GroupKey,DateCreditPulled,CreditScoreRangeLower,CreditScoreRangeUpper,FirstRecordedCreditLine,CurrentCreditLines,OpenCreditLines,TotalCreditLinespast7years,OpenRevolvingAccounts,OpenRevolvingMonthlyPayment,InquiriesLast6Months,TotalInquiries,CurrentDelinquencies,AmountDelinquent,DelinquenciesLast7Years,PublicRecordsLast10Years,PublicRecordsLast12Months,RevolvingCreditBalance,BankcardUtilization,AvailableBankcardCredit,TotalTrades,TradesNeverDelinquent (percentage),TradesOpenedLast6Months,DebtToIncomeRatio,IncomeRange,IncomeVerifiable,StatedMonthlyIncome,LoanKey,TotalProsperLoans,TotalProsperPaymentsBilled,OnTimeProsperPayments,ProsperPaymentsLessThanOneMonthLate,ProsperPaymentsOneMonthPlusLate,ProsperPrincipalBorrowed,ProsperPrincipalOutstanding,ScorexChangeAtTimeOfListing,LoanCurrentDaysDelinquent,LoanFirstDefaultedCycleNumber,LoanMonthsSinceOrigination,LoanNumber,LoanOriginalAmount,LoanOriginationDate,LoanOriginationQuarter,MemberKey,MonthlyLoanPayment,LP_CustomerPayments,LP_CustomerPrincipalPayments,LP_InterestandFees,LP_ServiceFees,LP_CollectionFees,LP_GrossPrincipalLoss,LP_NetPrincipalLoss,LP_NonPrincipalRecoverypayments,PercentFunded,Recommendations,InvestmentFromFriendsCount,InvestmentFromFriendsAmount,Investors
1021339766868145413AB3B,193129,09:29.3,C,36,Completed,14-08-2009 00:00,0.16516,0.158,0.138,,,,,,,0,CO,Other,Self-employed,2,TRUE,TRUE,,41:46.8,640,659,11-10-2001 00:00,5,4,12,1,24,3,3,2,472,4,0,0,0,0,1500,11,0.81,0,0.17,"$25,000-49,999",TRUE,3083,E33A3400205839220442E84,,,,,,,,,0,,78,19141,9425,12-09-2007 00:00,Q3 2007,1F3E3376408759268057EDA,330.43,11396.14,9425,1971.14,-133.18,0,0,0,0,1,0,0,0,258
10273602499503308B223C1,1209647,28:07.9,,36,Current,,0.12016,0.092,0.082,0.0796,0.0249,0.0547,6,A,7,2,CO,Professional,Employed,44,FALSE,FALSE,,27-02-2014 08:28,680,699,18-03-1996 00:00,14,14,29,13,389,3,5,0,0,0,1,0,3989,0.21,10266,29,1,2,0.18,"$50,000-74,999",TRUE,6125,9E3B37071505919926B1D82,,,,,,,,,0,,0,134815,10000,03-03-2014 00:00,Q1 2014,1D13370546739025387B2F4,318.93,0,0,0,0,0,0,0,0,1,0,0,0,1
0EE9337825851032864889A,81716,00:47.1,HR,36,Completed,17-12-2009 00:00,0.28269,0.275,0.24,,,,,,,0,GA,Other,Not available,,FALSE,TRUE,783C3371218786870A73D20,09:10.1,480,499,27-07-2002 00:00,,,3,0,0,0,1,1,,0,0,,,,,,,,0.06,Not displayed,TRUE,2083,6954337960046817851BCB2,,,,,,,,,0,,86,6466,3001,17-01-2007 00:00,Q1 2007,5F7033715035555618FA612,123.32,4186.63,3001,1185.63,-24.2,0,0,0,0,1,0,0,0,41
0EF5356002482715299901A,658116,02:35.0,,36,Current,,0.12528,0.0974,0.0874,0.0849,0.0249,0.06,6,A,9,16,GA,Skilled Labor,Employed,113,TRUE,FALSE,,22-10-2012 11:02,800,819,28-02-1983 00:00,5,5,29,7,115,0,1,4,10056,14,0,0,1444,0.04,30754,26,0.76,0,0.15,"$25,000-49,999",TRUE,2875,A0393664465886295619C51,,,,,,,,,0,,16,77296,10000,01-11-2012 00:00,Q4 2012,9ADE356069835475068C6D2,321.45,5143.2,4091.09,1052.11,-108.01,0,0,0,0,1,0,0,0,158
0F023589499656230C5E3E2,909464,38:39.1,,36,Current,,0.24614,0.2085,0.1985,0.18316,0.0925,0.09066,3,D,4,2,MN,Executive,Employed,44,TRUE,FALSE,,14-09-2013 18:38,680,699,20-02-2004 00:00,19,19,49,6,220,1,9,0,0,0,0,0,6193,0.81,695,39,0.95,2,0.26,"$100,000+",TRUE,9583,A180369302188889200689E,1,11,11,0,0,11000,9947.9,,0,,6,102670,15000,20-09-2013 00:00,Q3 2013,36CE356043264555721F06C,563.97,2819.85,1563.22,1256.63,-60.27,0,0,0,0,1,0,0,0,20
0F05359734824199381F61D,1074836,26:37.1,,60,Current,,0.15425,0.1314,0.1214,0.11567,0.0449,0.07077,5,B,10,1,NM,Professional,Employed,82,TRUE,FALSE,,14-12-2013 08:26,740,759,01-03-1973 00:00,21,17,49,13,1410,0,2,0,0,0,0,0,62999,0.39,86509,47,1,0,0.36,"$100,000+",TRUE,8333,C3D63702273952547E79520,,,,,,,,,0,,3,123257,15000,24-12-2013 00:00,Q4 2013,874A3701157341738DE458F,342.37,679.34,351.89,327.45,-25.33,0,0,0,0,1,0,0,0,1
0F0A3576754255009D63151,750899,52:56.1,,36,Current,,0.31032,0.2712,0.2612,0.2382,0.1275,0.1107,2,E,2,1,KS,Sales - Retail,Employed,172,FALSE,FALSE,,12-04-2013 09:52,680,699,29-09-2000 00:00,10,7,20,6,214,0,0,0,0,0,0,0,5812,0.72,1929,16,0.68,0,0.27,"$25,000-49,999",TRUE,2083,CE963680102927767790520,,,,,,,,,0,,11,88353,3000,18-04-2013 00:00,Q2 2013,AA4535764146102879D5959,122.67,1226.7,604.25,622.45,-22.95,0,0,0,0,1,0,0,0,1
0F1035772717087366F9EA7,768193,49:27.5,,36,Current,,0.23939,0.2019,0.1919,0.1783,0.0799,0.0984,4,C,4,2,CA,Laborer,Employed,103,FALSE,FALSE,,05-05-2013 06:49,700,719,25-02-1999 00:00,6,6,10,5,101,3,16,0,0,0,1,0,1260,0.13,2181,10,0.8,0,0.24,"$25,000-49,999",TRUE,3356,0C87368108902149313D53B,,,,,,,,,0,,10,90051,10000,13-05-2013 00:00,Q2 2013,737F347089545035681C074,372.6,3353.4,1955.89,1397.51,-69.21,0,0,0,0,1,0,0,0,1
0F043596202561788EA13D5,1023355,43:39.1,,36,Current,,0.0762,0.0629,0.0529,0.05221,0.0099,0.04231,7,AA,9,7,IL,Food Service,Employed,269,TRUE,FALSE,,02-12-2013 10:43,820,839,01-04-1993 00:00,17,16,32,12,219,1,6,0,0,0,0,0,9906,0.11,77696,29,1,1,0.25,"$25,000-49,999",TRUE,3333,02163700809231365A56A1C,,,,,,,,,0,,3,121268,10000,12-12-2013 00:00,Q4 2013,49A53699682291323D04D66,305.54,611.08,505.58,105.5,-16.77,0,0,0,0,1,0,0,0,1
0F043596202561788EA13D5,1023355,43:39.1,,36,Current,,0.0762,0.0629,0.0529,0.05221,0.0099,0.04231,7,AA,11,7,IL,Food Service,Employed,269,TRUE,FALSE,,02-12-2013 10:43,820,839,01-04-1993 00:00,17,16,32,12,219,1,6,0,0,0,0,0,9906,0.11,77696,29,1,1,0.25,"$25,000-49,999",TRUE,3333,02163700809231365A56A1C,,,,,,,,,0,,3,121268,10000,12-12-2013 00:00,Q4 2013,49A53699682291323D04D66,305.54,611.08,505.58,105.5,-16.77,0,0,0,0,1,0,0,0,1
0F123545674891886D9F106,587746,04:01.6,,60,Current,,0.27462,0.2489,0.2389,0.2332,0.089,0.1442,4,C,7,1,MD,Fireman,Employed,300,FALSE,FALSE,,22-04-2012 08:38,640,659,29-11-1989 00:00,2,2,56,4,25,1,2,1,253,28,1,0,387,0.51,363,47,0.72,0,0.12,"$75,000-99,999",TRUE,7500,7C083651269973612460D6D,,,,,,,,,0,,22,65946,13500,17-05-2012 00:00,Q2 2012,495135444217488604DC05A,395.37,8302.77,2975.24,5327.53,-214.04,0,0,0,0,1,0,0,0,19
0F1734025150298088A5F2B,213551,28:33.6,C,36,Completed,07-01-2008 00:00,0.15033,0.1325,0.1225,,,,,,,0,,Waiter/Waitress,Full-time,19,FALSE,FALSE,,13:44.4,640,659,13-11-2000 00:00,2,2,10,1,40,3,5,3,2224,1,0,0,1220,0.32,2580,7,0.4,0,0.27,"$1-24,999",TRUE,1667,F375340302234633830A957,,,,,,,,,0,,77,20907,1000,18-10-2007 00:00,Q4 2007,59423376541417552B94BD3,33.81,1011.65,1000,11.65,-0.88,0,0,0,0,1,0,0,0,53
0F1A3597143888805163EF7,1081604,01:10.8,,36,Past Due (1-15 days),,0.17969,0.1435,0.1335,0.1264,0.0524,0.074,5,B,4,1,AL,Sales - Retail,Employed,1,FALSE,FALSE,,15-12-2013 20:01,680,699,09-11-1996 00:00,9,7,29,8,290,1,4,0,0,0,0,0,8624,0.7,3626,20,1,0,0.18,"$25,000-49,999",TRUE,2417,209F3701889728853CD17F7,,,,,,,,,3,,2,125045,4000,07-01-2014 00:00,Q1 2014,9F9C37005448788963E33D3,137.39,135.8174,88.64,47.1774,-3.4,0,0,0,0,1,0,0,0,1
0F1C3583260311305D68F87,840820,28:28.1,,36,Current,,0.13138,0.1034,0.0934,0.0905,0.0274,0.0631,6,A,8,1,AZ,Construction,Employed,98,TRUE,FALSE,,11-07-2013 16:51,740,759,20-03-2007 00:00,9,8,18,8,260,0,2,0,0,0,0,0,9171,0.32,19129,18,0.94,0,0.09,"$50,000-74,999",TRUE,5833,C7F936888258982629356F0,,,,,,,,,0,,8,96202,8500,18-07-2013 00:00,Q3 2013,576B35832224805087429E3,275.63,1929.41,1449.41,480,-46.42,0,0,0,0,1,0,0,0,171
0F353575943675863D1AFC0,757359,17:41.7,,60,Current,,0.11695,0.0949,0.0849,0.0827,0.0224,0.0603,6,A,8,1,VA,Computer Programmer,Employed,35,FALSE,FALSE,,19-04-2013 11:17,740,759,06-07-1992 00:00,25,22,48,20,823,0,1,0,0,0,0,0,32898,0.43,42204,48,1,0,0.2,"$100,000+",TRUE,10833,2BEF3682506622112EC4790,,,,,,,,,0,,10,90060,19330,13-05-2013 00:00,Q2 2013,144D3576034103084EB07BD,415.37,3738.33,2428.1,1310.23,-138.07,0,0,0,0,0.7731,0,0,0,371
0F483544120452347F48121,577164,14:46.3,,36,Defaulted,19-12-2012 00:00,0.35797,0.3177,0.3077,0.2896,0.165,0.1246,1,HR,5,13,FL,Other,Other,121,TRUE,FALSE,,10-04-2012 09:14,700,719,08-03-1999 00:00,10,9,18,5,300,0,1,0,0,0,1,0,9103,0.97,178,17,0.94,0,0.49,"$50,000-74,999",TRUE,5500,3EE2364952142596779635D,,,,,,,,,140,8,23,63982,4000,19-04-2012 00:00,Q2 2012,924335448287456229847ED,173.71,521.13,209.75,311.38,-9.81,0,3790.25,3790.25,0,1,0,0,0,10
0F4835843081468212F0892,841846,42:48.7,,60,Current,,0.30748,0.2809,0.2709,0.2473,0.1225,0.1248,2,E,4,6,CA,Professional,Full-time,133,TRUE,FALSE,,16-07-2013 12:42,640,659,11-08-2001 00:00,6,7,29,3,492,1,3,1,2469,12,0,0,14030,1,27,25,0.84,0,0.15,"$75,000-99,999",TRUE,8292,2C78368704199057024A715,3,67,67,0,0,10700,4064.87,-19,0,,8,95921,4000,18-07-2013 00:00,Q3 2013,5EEA342856091111796D191,124.76,873.32,227.07,646.25,-23.01,0,0,0,0,1,0,0,0,8
0FDF336575182398852A8DC,31540,21:09.4,AA,36,Chargedoff,22-05-2008 00:00,0.13202,0.125,0.1175,,,,,,,0,,Professional,Not available,,TRUE,TRUE,EF543365873906104DC9A04,56:13.0,760,779,19-05-1990 00:00,,,36,16,346,7,17,2,,0,0,,,,,,,,0.12,Not displayed,TRUE,5833,5.15E+22,,,,,,,,,2239,1,91,2711,10000,22-08-2006 00:00,Q3 2006,893E3365582060699EBBADA,334.54,5325.33,3987.33,1338,-54.61,0,6012.65,6012.67,268.96,1,0,0,0,85
0FF2357105361877390B58D,716058,48:37.5,,36,Current,,0.12528,0.0974,0.0874,0.0849,0.0249,0.06,6,A,7,1,PA,Sales - Commission,Employed,179,FALSE,FALSE,,20-02-2013 03:48,740,759,20-12-1994 00:00,10,9,34,7,451,0,1,0,0,0,0,0,18573,0.54,15507,32,1,0,0.24,"$75,000-99,999",TRUE,6250,BC2D367678091765710DFF4,,,,,,,,,0,,12,85974,15000,11-03-2013 00:00,Q1 2013,D5E335704060526221DB3EC,482.18,5303.98,4121.04,1182.94,-121.47,0,0,0,0,1,0,0,0,303
0FFC35866018516621B0D3F,875565,49:02.1,,60,Current,,0.24754,0.2225,0.2125,0.1952,0.1025,0.0927,3,D,8,1,OR,Laborer,Employed,18,FALSE,FALSE,,04-10-2013 17:49,680,699,13-08-2007 00:00,15,15,24,8,331,0,2,0,0,0,0,0,3140,0.6,1987,20,1,0,0.41,"$25,000-49,999",TRUE,3075,A02836960150183071E32AD,1,12,12,0,0,8000,5786,,0,,5,105323,6500,10-10-2013 00:00,Q4 2013,5C1F3558174611333FDE6AD,180.45,717.8377,241.16,476.6777,-21.61,0,0,0,0,1,0,0,0,1
101635959323992333B3C70,1011916,35:03.0,,36,Current,,0.16732,0.1314,0.1214,0.11567,0.0449,0.07077,5,B,7,1,MN,Retail Management,Employed,175,TRUE,FALSE,,22-11-2013 11:35,660,679,06-12-1984 00:00,9,9,23,8,548,0,4,0,0,0,1,0,20551,0.95,822,21,0.95,0,0.2,"$50,000-74,999",TRUE,5167,CF0237002370068126643CF,,,,,,,,,0,,4,118374,14000,29-11-2013 00:00,Q4 2013,EE87369998817685827DC40,472.66,1412.94,969.86,443.08,-34.11,0,0,0,0,1,0,0,0,1
1017340630713945364DA6B,241498,33:49.2,D,36,Completed,12-12-2010 00:00,0.21488,0.2075,0.1975,,,,,,,0,MI,Professional,Full-time,36,FALSE,TRUE,6C2E3384236387493493CB6,24:41.3,620,639,20-06-2003 00:00,4,4,13,3,15,0,8,1,5200,5,1,0,134,0.08,1366,6,0.37,0,0.09,"$25,000-49,999",TRUE,3750,AAE33407411466742AA4570,,,,,,,,,0,,75,23565,3000,12-12-2007 00:00,Q4 2007,27F53404042184361C6DCD9,112.64,4061.05,3000,1061.05,-51.12,0,0,0,0,1,0,0,0,53
101735700321773921526BF,706927,36:13.8,,36,Current,,0.35356,0.3134,0.3034,0.276,0.1575,0.1185,1,HR,2,1,NY,Other,Other,68,FALSE,FALSE,,30-01-2013 09:36,700,719,01-03-1988 00:00,9,9,18,8,617,0,0,0,0,0,1,0,10050,0.4,4465,17,0.76,0,9.2,"$1-24,999",TRUE,118,8D313674169912018750992,,,,,,,,,0,,13,84693,4000,05-02-2013 00:00,Q1 2013,E09A35706330259139A80F8,172.76,2073.12,951,1122.12,-35.8,0,0,0,0,1,0,0,0,94
101B35764008108187B2EBA,758964,29:19.1,,36,Defaulted,26-12-2013 00:00,0.28032,0.2419,0.2319,0.2126,0.1075,0.1051,3,D,5,15,IL,Skilled Labor,Employed,3,FALSE,FALSE,,22-04-2013 13:29,680,699,09-06-1998 00:00,7,7,34,5,245,0,0,0,0,0,0,0,7975,0.84,607,22,1,0,0.39,"$25,000-49,999",TRUE,2500,D0623679715048926AB9F4D,,,,,,,,,193,8,11,89204,2000,26-04-2013 00:00,Q2 2013,93173576199169167625E6A,78.67,236.01,117.73,118.28,-4.89,0,1882.27,1882.27,0,1,0,0,0,30
101B3596709094692AC79C0,1046345,34:46.1,,36,Current,,0.19859,0.162,0.152,0.14256,0.0649,0.07766,4,C,5,1,LA,Other,Employed,91,TRUE,FALSE,,03-12-2013 11:34,660,679,03-05-1994 00:00,10,8,51,5,81,3,10,0,0,8,1,0,1349,0.17,4770,47,0.91,3,0.16,"$25,000-49,999",TRUE,2333,AE413701157050387A7B5B7,,,,,,,,,0,,3,122689,4000,18-12-2013 00:00,Q4 2013,C6F33582431585711C036C6,141.02,280.2647,173.15,107.1147,-6.72,0,0,0,0,1,0,0,0,1
10223590888942486E3826E,950067,31:09.2,,36,Current,,0.30182,0.2629,0.2529,0.23057,0.1275,0.10307,2,E,3,15,CA,Engineer - Mechanical,Employed,15,FALSE,FALSE,,21-09-2013 15:33,680,699,11-05-2000 00:00,2,2,16,2,38,1,4,0,0,4,2,0,331,0.07,4069,10,0.72,1,0.12,"$75,000-99,999",TRUE,6974,E2733695363511227B7135C,,,,,,,,,0,,5,105431,4000,10-10-2013 00:00,Q4 2013,E96236933928960773A10CB,161.78,647.12,302.67,344.45,-13.11,0,0,0,0,1,0,0,0,3
0F4F3571508214190FD75CB,713131,07:31.7,,60,Completed,22-10-2013 00:00,0.30748,0.2809,0.2709,0.2473,0.1225,0.1248,2,E,3,1,NY,Sales - Commission,Employed,25,FALSE,FALSE,,12-02-2013 18:07,660,679,26-10-1975 00:00,7,6,12,6,95,2,3,0,0,0,0,0,2033,0.3,3619,10,1,1,0.11,"$25,000-49,999",TRUE,3886,3B763675825568665C5122A,,,,,,,,,0,,13,85538,4000,21-02-2013 00:00,Q1 2013,D34635704845304767FB258,124.76,4725.35,4000,725.35,-25.81,0,0,0,0,1,0,0,0,37
0F5034867864161084F3789,463083,23:44.5,,36,Completed,03-07-2013 00:00,0.11296,0.092,0.082,0.0608,0.021,0.0608,6,A,9,1,CO,Executive,Full-time,10,TRUE,FALSE,,04-06-2010 10:18,700,719,11-04-2000 00:00,16,16,49,11,294,2,8,0,0,0,0,0,7246,0.09,30794,40,1,2,0.26,"$75,000-99,999",TRUE,6667,7E583591759296638A02214,,,,,,,,,0,,45,43110,4000,24-06-2010 00:00,Q2 2010,B39A347662239828607EAC0,0,4594.48,4000,594.48,-64.62,0,0,0,0,1,0,0,0,121
0F53359346357513247D86B,989519,01:28.0,,36,Current,,0.20268,0.166,0.156,0.14661,0.0624,0.08421,4,C,4,2,PA,Military Enlisted,Employed,48,TRUE,FALSE,,02-11-2013 16:01,720,739,22-12-2009 00:00,5,5,7,4,60,0,3,0,0,0,0,0,2919,0.31,6381,5,1,0,0.12,"$25,000-49,999",TRUE,3600,DE4A3697562098725B01EB1,,,,,,,,,0,,4,110393,10000,13-11-2013 00:00,Q4 2013,0DE73588988288887B4A5BD,354.54,6449.9921,6080.07,369.9221,-22.56,0,0,0,0,1,0,0,0,1
0F563597161095613517437,1051243,18:33.2,,36,Current,,0.15223,0.1239,0.1139,0.109,0.0399,0.0691,6,A,6,1,LA,Other,Employed,16,TRUE,FALSE,,17-12-2013 09:18,740,759,01-12-1973 00:00,24,21,50,13,533,2,12,0,0,0,1,0,17451,0.34,24401,47,0.97,2,0.32,"$100,000+",TRUE,10417,A8B83704317372651543A02,,,,,,,,,0,,2,127405,35000,16-01-2014 00:00,Q1 2014,BD9D3700316006874885EE9,1169.03,1157.1492,800.72,356.4292,-29.73,0,0,0,0,1,0,0,0,1
0F57353904771934596FE9F,555213,59:17.2,,36,Completed,19-12-2012 00:00,0.12782,0.0999,0.0899,0.0897,0.038,0.0517,6,A,9,20,CA,Other,Employed,44,FALSE,FALSE,,30-01-2012 17:59,740,759,01-06-1988 00:00,4,4,19,4,105,0,0,1,42488,10,1,0,4307,0.13,25779,18,0.72,1,0.11,"$25,000-49,999",TRUE,3750,FBCE36430983505912FD996,,,,,,,,,0,,25,60054,10000,07-02-2012 00:00,Q1 2012,340135388011647459E80ED,322.62,10681.27,9994.95,686.32,-68.22,0,0,0,0,1,0,0,0,30
0F683558129866945165D36,643927,37:43.2,,36,Current,,0.35797,0.3177,0.3077,0.2896,0.1625,0.1271,1,HR,5,2,WI,Other,Other,44,FALSE,FALSE,,21-09-2012 13:37,680,699,01-05-1979 00:00,0,0,21,0,0,0,0,0,0,27,1,0,0,0,0,20,0.6,0,0.04,"$25,000-49,999",TRUE,2250,52C13661956879502774109,,,,,,,,,0,,18,75030,2000,27-09-2012 00:00,Q3 2012,C3EC355869195409459022F,86.85,1476.45,715.61,760.84,-23.95,0,0,0,0,1,0,0,0,24
0F683599787642317AE85C5,1132356,19:14.9,,36,Current,,0.16324,0.1274,0.1174,0.1121,0.0424,0.0697,5,B,8,1,NY,Clerical,Employed,269,TRUE,FALSE,,10-01-2014 11:19,660,679,18-05-1994 00:00,9,8,30,7,610,0,6,0,0,51,0,0,25224,0.8,5049,29,0.96,0,0.22,"$75,000-99,999",TRUE,7000,A4AC370349156606872339B,,,,,,,,,0,,2,127880,25000,22-01-2014 00:00,Q1 2014,6F083703053478993AB286E,839.22,830.494,568.71,261.784,-21.23,0,0,0,0,1,0,0,0,1
0F6B3496936961316AEE1B2,478891,23:30.8,,36,Completed,21-12-2012 00:00,0.08191,0.0785,0.0685,0.0555,0.013,0.0555,7,AA,10,7,IL,Other,Employed,7,FALSE,FALSE,,10-10-2010 13:23,760,779,01-12-2003 00:00,6,3,17,3,58,0,3,0,0,0,1,0,41,0.01,3859,14,0.92,0,0.05,"$100,000+",TRUE,13083,91E0360126027167265496D,1,8,8,0,0,4000,0.01,161,0,,41,44987,16000,26-10-2010 00:00,Q4 2010,133934011836722102F6685,500.28,17544.95,16000,1544.95,-196.82,0,0,0,0,1,0,0,0,326
0F6C3603015887476F3F015,1180690,55:20.4,,36,Current,,0.22966,0.192,0.182,0.1681,0.0899,0.0782,4,C,5,1,GA,,Other,426,TRUE,FALSE,,06-02-2014 16:59,640,659,01-10-1978 00:00,6,6,16,4,60,1,5,2,15543,15,1,0,4175,0.91,266,14,0.75,0,0.17,"$25,000-49,999",TRUE,4058,0C2F3706762182722E94190,,,,,,,,,0,,1,133362,10000,27-02-2014 00:00,Q1 2014,7F713705008241559FA36D8,367.57,0,0,0,0,0,0,0,0,1,0,0,0,1
1092353380565801709A4A2,544093,47:05.7,,36,Current,,0.19108,0.1621,0.1521,0.1495,0.0595,0.09,5,B,8,1,OH,Retail Management,Employed,55,FALSE,FALSE,,10-12-2011 08:09,700,719,08-06-2001 00:00,8,5,16,3,193,0,0,0,0,0,0,0,5328,0.58,3282,16,0.87,0,0.2,"$25,000-49,999",TRUE,3833,EEA53637882709564813EFA,,,,,,,,,0,,27,57780,9000,21-12-2011 00:00,Q4 2011,6195342487999332804399C,317.35,8251.1,6044.1,2207,-136.14,0,0,0,0,1,0,0,0,14
1092359520343159157D1AC,1059633,46:18.7,,36,Current,,0.32446,0.285,0.275,0.25006,0.1475,0.10256,2,E,2,1,MN,Professional,Employed,112,TRUE,FALSE,,27-11-2013 11:46,680,699,23-03-1974 00:00,12,11,34,10,757,3,5,0,0,12,0,0,103263,0.55,31444,32,0.87,2,0.14,"$100,000+",TRUE,8750,057C3701233443032E641FA,,,,,,,,,0,,3,121285,10000,11-12-2013 00:00,Q4 2013,516C36998789246407CA1E9,416.34,832.68,352.79,479.89,-16.84,0,0,0,0,1,0,0,0,3
1.10E+22,915698,22:06.8,,36,Current,,0.28544,0.2469,0.2369,0.2165,0.1175,0.099,3,D,6,15,NC,Teacher,Employed,361,TRUE,FALSE,,16-09-2013 17:22,640,659,15-01-1995 00:00,10,9,47,6,248,0,1,0,0,52,1,0,8672,0.93,578,32,0.68,1,0.31,"$25,000-49,999",TRUE,3333,FAB43694073015366865C74,,,,,,,,,0,,6,103613,5000,30-09-2013 00:00,Q3 2013,984D3693821243885D57B9F,197.98,986.5178,498.9,487.6178,-19.88,0,0,0,0,1,0,0,0,1
109A35861259973172F6548,869272,11:17.2,,36,Current,,0.0893,0.0759,0.0659,0.0647,0.0149,0.0498,7,AA,9,1,IL,Other,Other,539,TRUE,FALSE,,13-08-2013 16:11,800,819,21-11-1975 00:00,19,18,39,19,634,1,2,0,0,0,0,0,14038,0.1,90784,35,0.97,1,0.14,"$50,000-74,999",TRUE,6000,8FC0368986109964785D639,,,,,,,,,0,,7,100006,7000,22-08-2013 00:00,Q3 2013,20EC358601215395612C9D6,218.03,1308.18,1057.13,251.05,-33.08,0,0,0,0,1,0,0,0,151
109D3366077649289619396,24135,14:14.6,B,36,Completed,22-10-2009 00:00,0.15211,0.145,0.14,,,,,,,0,,,,,FALSE,FALSE,67033364510034901E33BC7,44:43.0,680,699,01-11-1994 00:00,,,6,4,278,1,3,0,,0,0,,,,,,,,0.06,Not displayed,TRUE,9583,A3A23365984305581EF2551,,,,,,,,,0,,92,1901,10000,17-07-2006 00:00,Q3 2006,233B336466888454129EE82,57.64,12688.13,10000,2688.13,-81.4,-299.78,0,0,0,1,0,0,0,44
10A43601079743929992413,1167746,02:57.5,,60,Current,,0.1963,0.1725,0.1625,0.15163,0.0724,0.07923,4,C,4,1,WA,Other,Self-employed,276,FALSE,FALSE,,25-01-2014 10:47,680,699,20-12-1985 00:00,10,9,28,10,1233,0,2,0,0,0,0,0,61284,0.46,69166,28,1,2,,"$100,000+",FALSE,12750,91A33705770133108E299C1,,,,,,,,,0,,2,129161,15000,29-01-2014 00:00,Q1 2014,ACFF370458072043753CE79,374.81,374.81,162.14,212.67,-12.33,0,0,0,0,1,0,0,0,3
10A635483653880905FC2D6,594297,08:43.1,,60,Current,,0.23318,0.2085,0.1985,0.195,0.0565,0.1385,5,B,8,7,MI,Other,Employed,76,TRUE,FALSE,,30-05-2012 07:36,700,719,16-01-1986 00:00,9,7,44,4,80,1,5,0,0,1,1,0,2460,0.69,290,39,0.76,3,0.08,"$100,000+",TRUE,9000,1CCC3653208342304ED7D0E,,,,,,,,,0,,21,67402,13000,06-06-2012 00:00,Q2 2012,F58F35493148909748E758E,350.6,7012,2941.26,4070.74,-195.26,0,0,0,0,1,0,0,0,181
10AD33803102786533722BB,93263,24:27.8,HR,36,Chargedoff,08-08-2008 00:00,0.303,0.29,0.285,,,,,,,0,,Other,Not available,,FALSE,FALSE,,57:08.0,520,539,24-10-1997 00:00,,,20,0,0,1,9,14,,3,0,,,,,,,,0.27,Not displayed,TRUE,417,2D433381278297817311230,,,,,,,,,2161,18,85,7286,1500,09-02-2007 00:00,Q1 2007,5CCA33798155110380A1C68,62.86,817.18,403.08,414.1,-7.14,0,1096.92,1096.92,0,1,0,0,0,15
10B93591610781064F9C46B,943697,48:43.9,,36,Current,,0.2129,0.176,0.166,0.15519,0.0699,0.08529,4,C,6,1,KS,Clergy,Employed,25,FALSE,FALSE,,30-09-2013 07:41,640,659,01-01-2005 00:00,9,9,15,7,152,0,11,0,0,0,0,0,5985,0.74,2025,15,0.8,0,0.1,"$50,000-74,999",TRUE,4333,A2043695797690049691D2F,,,,,,,,,0,,5,105413,5000,10-10-2013 00:00,Q4 2013,EDB63694934266244F81852,179.76,719.04,432.03,287.01,-16.3,0,0,0,0,1,0,0,0,5
0F823581900037042AC6A5E,816108,48:03.0,,36,Current,,0.21025,0.1734,0.1634,0.1536,0.0624,0.0912,4,C,5,1,WA,Professional,Employed,32,TRUE,FALSE,,20-06-2013 14:06,720,739,01-02-1982 00:00,14,12,31,12,1125,1,3,0,0,0,0,0,34881,0.91,3041,31,1,1,0.19,"$100,000+",TRUE,8917,354A3685962127703EED1B7,,,,,,,,,0,,9,94349,16000,27-06-2013 00:00,Q2 2013,08D33582288493177902D72,573.15,4577.5989,2840.74,1736.8589,-100.6,0,0,0,0,1,0,0,0,1
0F843574249889932A8662E,741867,20:57.1,,60,Current,,0.13227,0.1099,0.0999,0.0965,0.0299,0.0666,6,A,7,1,NV,Executive,Employed,28,TRUE,FALSE,,01-04-2013 05:20,740,759,01-09-1973 00:00,13,13,53,15,471,1,6,1,2629,4,0,0,18590,0.63,10735,50,0.9,1,0.13,"$100,000+",TRUE,16000,D6903678623932427B6BA89,,,,,,,,,0,,11,87756,25000,10-04-2013 00:00,Q2 2013,E44D3575059558536DE31BF,543.44,5434.4,3264.76,2169.64,-197.42,0,0,0,0,1,0,0,0,515
0F8B34281015537050D4FEC,378497,42:49.2,C,36,Completed,29-01-2010 00:00,0.1717,0.15,0.14,,,,,,,1,IL,Accountant/CPA,Full-time,32,FALSE,TRUE,AD9A3400384972497EDAD38,36:35.2,660,679,18-05-1999 00:00,10,9,28,6,151,1,7,0,0,29,0,0,4519,0.68,2031,27,0.81,0,0.27,"$25,000-49,999",TRUE,3167,14EE3428953999691D705E3,1,9,9,0,0,6000,4317.11,0,0,,67,35508,4000,15-08-2008 00:00,Q3 2008,98C934028624318592C6882,138.66,4667.64,4000,667.64,-44.51,0,0,0,0,1,2,1,789.59,103
0F8B3577039176552F6CC26,765126,18:59.2,,36,Current,,0.15833,0.1299,0.1199,0.1148,0.0399,0.0749,6,A,8,1,CO,Professional,Employed,90,TRUE,TRUE,52EA3425051368132B80C96,01-05-2013 08:18,680,699,03-08-1996 00:00,15,15,33,11,561,2,3,0,0,0,0,0,20812,0.84,3595,27,0.88,2,0.35,"$50,000-74,999",TRUE,5417,76BB3680997666469826273,3,20,20,0,0,27000,11308.14,14,0,,10,90027,15000,13-05-2013 00:00,Q2 2013,78E3342690661185038B6FA,505.34,4737.38,3439.32,1298.06,-99.94,0,0,0,0,1,1,0,0,1
0F923587782964897A58B1B,875992,25:08.8,,60,Current,,0.17522,0.1519,0.1419,0.135,0.0474,0.0876,5,B,6,1,NJ,Attorney,Employed,10,TRUE,FALSE,,20-08-2013 19:28,720,739,01-09-1994 00:00,19,17,41,7,846,0,0,0,0,0,0,0,153812,0.97,3507,39,0.94,1,0.25,"$100,000+",TRUE,14583,E60D3691534567941518FEF,,,,,,,,,0,,7,100426,15000,28-08-2013 00:00,Q3 2013,88CC3586699121406894A4C,358.35,2150.0975,1034.05,1116.0475,-62.49,0,0,0,0,1,0,0,0,1
0F9D3585166658459B9AC30,860928,38:57.2,,60,Current,,0.11695,0.0949,0.0849,0.0827,0.0224,0.0603,6,A,10,1,NV,Professional,Employed,145,TRUE,FALSE,,06-08-2013 11:02,780,799,29-08-1995 00:00,11,10,30,9,1010,0,2,0,0,1,0,0,42592,0.36,66742,26,0.92,0,0.21,"$75,000-99,999",TRUE,7458,4B7D3690967382210BC1EE9,,,,,,,,,0,,7,99129,25000,21-08-2013 00:00,Q3 2013,42F63584959678531EA5F76,524.92,3149.52,1993.02,1156.5,-121.87,0,0,0,0,1,0,0,0,481
0FA035965589061761C3D7A,1081059,52:08.7,,60,Current,,0.23984,0.215,0.205,0.18828,0.1025,0.08578,3,D,5,1,TX,Nurse (RN),Employed,43,TRUE,FALSE,,01-12-2013 09:30,640,659,06-10-1993 00:00,12,11,48,10,347,1,9,2,579,18,0,0,3706,0.37,3414,40,0.76,1,0.12,"$75,000-99,999",TRUE,7917,57B83701692485453F2751B,,,,,,,,,0,,3,122926,10000,19-12-2013 00:00,Q4 2013,F4423700140409874BD514D,273.35,540.8096,183.15,357.6596,-16.91,0,0,0,0,1,0,0,0,1
0FA935298156996977CF764,536427,25:09.4,,36,Current,,0.202,0.1799,0.1699,0.1669,0.0595,0.1074,5,B,8,1,AR,Nurse (RN),Employed,0,TRUE,FALSE,,30-10-2011 17:25,640,659,02-05-1994 00:00,5,5,27,3,73,1,2,0,0,0,1,0,1287,0.91,113,20,0.95,1,0.11,"$50,000-74,999",TRUE,4853,50AE363406953988501A07E,,,,,,,,,0,,28,55623,2500,07-11-2011 00:00,Q4 2011,DFD93530337377241316099,90.37,2439.99,1743.39,696.6,-38.69,0,0,0,0,1,0,0,0,51
0FAA357428986754861A3E6,733454,08:52.3,,36,Current,,0.14348,0.1153,0.1053,0.1015,0.0324,0.0691,6,A,6,1,MI,Other,Employed,209,TRUE,FALSE,,10-03-2013 17:15,720,739,01-04-1984 00:00,9,9,47,7,445,0,17,0,0,0,1,0,7465,0.61,3881,40,0.97,0,0.28,"$75,000-99,999",TRUE,8167,8C9F367865020548458A3B8,,,,,,,,,0,,12,87340,7000,27-03-2013 00:00,Q1 2013,01C73573742344881C0C482,230.93,2540.23,1884.63,655.6,-56.88,0,0,0,0,1,0,0,0,87
0FA3356960850383539D362,706745,40:21.4,,36,Current,,0.31032,0.2712,0.2612,0.2382,0.1275,0.1107,2,E,4,1,SC,Accountant/CPA,Employed,76,FALSE,FALSE,,01-02-2013 12:38,640,659,05-11-1998 00:00,4,4,9,3,96,0,1,1,67,0,1,0,2599,0.87,90,6,0.71,0,0.17,"$25,000-49,999",TRUE,4056,0C4836737603930356A4E05,,,,,,,,,0,,13,85084,3000,05-02-2013 00:00,Q1 2013,4D7835689959414258DF88D,122.67,1472.04,748.54,723.5,-26.69,0,0,0,0,1,0,0,0,65
0FBC3556025226720BE6DD4,629058,43:38.6,,60,Current,,0.20931,0.1852,0.1752,0.1721,0.0449,0.1272,5,B,5,2,WI,Executive,Employed,61,TRUE,FALSE,,26-08-2012 09:43,720,739,01-09-1986 00:00,14,9,42,4,146,5,8,0,0,2,0,0,2972,0.45,3528,26,0.76,1,0.16,"$100,000+",TRUE,10000,3DAD365965028000797A896,1,9,8,1,0,8000,6384.14,59,0,,19,73248,18000,31-08-2012 00:00,Q3 2012,06213530606388324B02BDB,462.19,8304.42,3785.21,4519.21,-244.02,0,0,0,0,1,0,0,0,4
0FC13592826344497AFB874,992574,24:44.1,,36,Current,,0.17601,0.1399,0.1299,0.1238,0.0449,0.0789,5,B,7,1,GA,Retail Management,Employed,51,FALSE,FALSE,,21-10-2013 11:24,660,679,02-05-1989 00:00,9,9,57,13,388,0,2,0,0,42,1,0,9037,0.57,3538,54,0.74,2,0.22,"$25,000-49,999",TRUE,3417,E6BB3697420253017071720,,,,,,,,,0,,4,108557,10000,01-11-2013 00:00,Q4 2013,6AE736964638643853D80C8,341.73,1363.0871,922.34,440.7471,-31.78,0,0,0,0,1,0,0,0,1
0FD235896044348280704B9,894247,38:51.5,,36,Current,,0.22415,0.187,0.177,0.16468,0.0774,0.08728,4,C,4,1,IL,Retail Management,Employed,179,FALSE,FALSE,,16-09-2013 04:38,680,699,21-07-1997 00:00,7,7,19,4,151,0,7,0,0,0,1,0,4231,0.91,298,18,0.94,1,0.37,"$50,000-74,999",TRUE,4734,6D883694285320666768869,,,,,,,,,0,,6,102095,15000,19-09-2013 00:00,Q3 2013,880F369342648811792BBB7,547.57,2722.85,1564.63,1158.22,-60.47,-93.09,0,0,0,1,0,0,0,77
0FEA35330893790885F63E8,540655,13:53.4,,36,Chargedoff,22-05-2013 00:00,0.29394,0.2552,0.2452,0.2392,0.119,0.1202,3,D,5,1,NY,Construction,Employed,155,TRUE,FALSE,,31-12-2011 13:09,720,739,20-04-1992 00:00,18,14,37,14,331,7,11,0,0,0,0,0,8477,0.59,4444,27,0.96,0,0.15,"$100,000+",TRUE,9167,3F2936403268585514E9BDD,,,,,,,,,414,17,26,59180,2000,20-01-2012 00:00,Q1 2012,42923531265816888629D0D,80.07,890.63,430.97,459.66,-17.43,0,1569.03,1569.03,0,1,0,0,0,2
0FF735841515827770331DF,847219,03:33.4,,60,Current,,0.17522,0.1519,0.1419,0.135,0.0474,0.0876,5,B,6,1,IL,Clergy,Employed,89,FALSE,FALSE,,22-07-2013 08:03,720,739,01-03-1993 00:00,7,6,22,5,492,0,3,0,0,0,0,0,8764,0.32,16098,22,0.95,0,0.25,"$50,000-74,999",TRUE,4667,7BA83687804638461B3FFB1,1,1,1,0,0,15000,0,27,0,,8,96291,8000,24-07-2013 00:00,Q3 2013,51843540642285675BCF4C2,191.12,1337.84,646.4,691.44,-45.52,0,0,0,0,1,0,0,0,82
100634009060155161268D8,203384,19:02.5,C,36,Completed,26-09-2010 00:00,0.16717,0.16,0.15,,,,,,,0,IL,Other,Full-time,80,FALSE,FALSE,,19:28.0,640,659,02-02-1999 00:00,13,7,25,6,403,2,2,0,0,2,0,0,11540,0.41,10778,23,0.91,1,0.37,"$25,000-49,999",TRUE,2750,78F93400031366889D47550,,,,,,,,,0,,78,19632,7000,26-09-2007 00:00,Q3 2007,D23A3400133972126A51A5C,244.47,8861.23,6999.8,1861.43,-116.33,0,0,0,0,1,0,0,0,193
101735933549003126EF74E,975109,09:05.4,,60,Current,,0.19323,0.1695,0.1595,0.14963,0.0649,0.08473,4,C,7,1,IL,Teacher,Employed,195,TRUE,FALSE,,02-11-2013 17:09,700,719,23-06-1994 00:00,10,9,35,8,1047,0,2,0,0,0,0,0,45348,0.89,5271,25,1,1,0.29,"$75,000-99,999",TRUE,7500,59783696532265529C67ABE,,,,,,,,,0,,4,110050,25000,07-11-2013 00:00,Q4 2013,5EF236964523876349B5414,620.64,1850.3104,805.48,1044.8304,-62.33,0,0,0,0,1,0,0,0,1
10223596029543318E1A9FB,1053659,15:32.6,,36,Current,,0.16324,0.1274,0.1174,0.1121,0.0424,0.0697,5,B,8,19,DE,Analyst,Employed,103,TRUE,FALSE,,05-12-2013 11:15,660,679,01-02-1988 00:00,6,5,62,6,76,4,13,20,72705,72,2,0,414,0.19,1215,47,0.74,2,0.03,"$75,000-99,999",TRUE,7108,D33D37012238113149FE245,2,4,4,0,0,19000,0.01,,0,,3,119808,2000,09-12-2013 00:00,Q4 2013,390F3425936978880F70527,67.14,133.5819,91.49,42.0919,-3.36,0,0,0,0,1,0,0,0,1
0F183387070536545CB7D86,120164,07:37.9,D,36,Chargedoff,24-11-2009 00:00,0.23748,0.23,0.21,,,,,,,0,CA,Other,Full-time,16,FALSE,TRUE,B5F93364617561572C32B6D,48:08.1,600,619,04-12-1998 00:00,12,10,24,10,1402,3,6,0,0,0,0,0,47816,0.89,5874,23,1,0,0.59,"$50,000-74,999",TRUE,3892,0378338759198235096D61F,,,,,,,,,1688,31,83,13475,23500,26-04-2007 00:00,Q2 2007,E36E33838034687974BB585,909.68,23511.66,14754.94,8756.72,-324.49,-523.49,8787.08,8745.06,0,1,0,0,0,384
0F1A336989050248528ED31,45641,32:48.0,D,36,Completed,13-04-2007 00:00,0.29776,0.29,0.285,,,,,,,0,MO,Analyst,Not available,,TRUE,FALSE,,45:18.0,620,639,16-05-2000 00:00,,,34,3,376,7,20,0,,0,0,,,,,,,,0.25,Not displayed,TRUE,7500,CB203371350913895324563,,,,,,,,,0,,89,3919,6000,13-10-2006 00:00,Q4 2006,F2ED33702553061007F57C0,251.43,6828.36,6000,828.36,-14.28,0,0,0,0,1,0,0,0,41
0F1B35892502944590155D8,928062,16:17.4,,36,Current,,0.30899,0.2699,0.2599,0.23673,0.1325,0.10423,2,E,4,1,NJ,Sales - Commission,Employed,3,TRUE,FALSE,,18-09-2013 12:34,680,699,14-06-1999 00:00,8,8,17,5,370,1,4,0,0,0,0,0,11229,0.81,2258,15,0.93,0,0.42,"$25,000-49,999",TRUE,3167,10A236940818811691F0BA2,,,,,,,,,0,,5,105188,5000,09-10-2013 00:00,Q4 2013,12533694147620157C2A74E,204.1,812.7027,374.24,438.4627,-16.39,0,0,0,0,1,0,0,0,1
0F1B3603414231556D2BFFD,1233194,32:18.2,,36,Current,,0.19744,0.1605,0.1505,0.14089,0.0674,0.07349,4,C,4,1,CA,Other,Other,427,TRUE,FALSE,,14-02-2014 14:06,660,679,01-10-1973 00:00,14,14,35,15,464,2,6,1,52379,4,0,0,15885,0.68,7165,34,0.97,3,0.21,"$50,000-74,999",TRUE,4667,3FAB3707803011055B68140,,,,,,,,,0,,0,135763,15000,07-03-2014 00:00,Q1 2014,6AF53705675779645277758,527.73,0,0,0,0,0,0,0,0,1,0,0,0,1
0F1D338731363098438C9F5,122819,00:57.7,D,36,Completed,17-04-2010 00:00,0.16802,0.15,0.12,,,,,,,0,NE,Other,Not employed,1,FALSE,TRUE,EE3833815612811323B64D2,16:26.4,620,639,16-09-1991 00:00,4,3,14,1,16,0,2,1,111,12,1,0,1593,0.07,19407,13,0.53,0,0.2,Not employed,TRUE,860,A3F63386180661716E55843,,,,,,,,,0,,83,12918,1000,17-04-2007 00:00,Q2 2007,344C3384310377315F39A56,0,1440.27,958.4,481.87,-6.39,-33.29,0,0,0,1,0,0,0,1
0F2535122339224397B0FB9,499401,20:01.9,,12,Completed,26-03-2012 00:00,0.35843,0.2669,0.2569,0.2452,0.13,0.1152,2,E,3,1,CA,Professional,Employed,70,FALSE,FALSE,,08-06-2011 11:59,600,619,05-09-2000 00:00,14,13,54,14,359,2,7,0,0,0,0,0,17778,0.94,955,25,0.92,0,0.28,"$50,000-74,999",TRUE,4777,338F36217851092295848B8,1,12,12,0,0,6000,4509.4,-25,0,,33,50675,3000,27-06-2011 00:00,Q2 2011,A5423484116489237A78F52,287.6,3394.57,3000,394.57,-14.79,0,0,0,0,1,0,0,0,32
0F2F338417457873000F9A3,111744,00:17.8,E,36,Completed,17-03-2010 00:00,0.21554,0.197,0.167,,,,,,,0,,Nurse's Aide,Full-time,34,TRUE,TRUE,5EA73366320555283BA0246,14:03.5,580,599,09-09-2003 00:00,21,15,30,6,134,0,23,1,169,0,0,0,3735,0.9,181,27,0.92,3,0.45,"$25,000-49,999",TRUE,2750,F5A23384270080447F788CB,,,,,,,,,0,,84,9365,1000,27-03-2007 00:00,Q1 2007,336E33820805170281F7956,37.01,1294.98,1000,294.98,-16.67,0,0,0,0,1,0,0,0,23
0F37360159310530849DA23,1162592,07:54.5,,60,Current,,0.13636,0.1139,0.1039,0.09989,0.0349,0.06499,6,A,11,1,IL,Investor,Self-employed,12,TRUE,TRUE,,25-01-2014 11:51,700,719,01-08-1995 00:00,5,5,21,3,373,0,2,0,0,0,0,0,19961,0.79,5039,21,1,0,,"$25,000-49,999",FALSE,2700,B08137048491184083D747A,3,16,16,0,0,7861,0.02,,0,,2,128889,9000,29-01-2014 00:00,Q1 2014,87D0340317005703964722E,197.44,194.6315,115.99,78.6415,-7.15,0,0,0,0,1,0,0,0,1
0F3835813277303416C07A2,818044,53:40.5,,36,Current,,0.24246,0.2049,0.1949,0.1808,0.0824,0.0984,4,C,6,1,MD,Retail Management,Employed,37,FALSE,FALSE,,21-06-2013 20:11,640,659,31-03-2005 00:00,12,12,22,4,140,0,1,0,0,0,0,0,7101,0.76,2149,12,1,0,0.17,"$50,000-74,999",TRUE,4500,FD85368751014889686060E,,,,,,,,,0,,8,95011,10000,03-07-2013 00:00,Q3 2013,74FC3582546507228DA3455,374.14,2987.5063,1727.54,1259.9663,-61.76,0,0,0,0,1,0,0,0,1
0DD23561917467486206661,658787,43:45.5,,36,Current,,0.35797,0.3177,0.3077,0.2799,0.1625,0.1174,1,HR,4,13,CA,Other,Employed,141,TRUE,FALSE,,23-10-2012 13:43,760,779,01-02-1992 00:00,20,14,75,13,219,2,11,0,0,4,0,0,7610,0.39,11195,72,1,0,0.53,"$25,000-49,999",TRUE,2917,668B36670958360892E4068,,,,,,,,,0,,16,77739,2774,15-11-2012 00:00,Q4 2012,AF7235607399347974B8110,120.47,1807.05,840.76,966.29,-30.43,0,0,0,0,0.9247,0,0,0,49
0DDD3513251820967144478,503744,00:32.0,,36,Completed,12-03-2013 00:00,0.2951,0.2599,0.2499,0.2437,0.112,0.1317,3,D,6,7,FL,Other,Employed,34,FALSE,FALSE,,24-04-2011 12:00,660,679,01-07-1999 00:00,9,7,20,6,345,2,5,1,73,1,1,0,11108,0.63,4814,18,0.7,0,0.1,"$100,000+",TRUE,8333,09F736208021494644A2285,,,,,,,,,0,,34,49827,4500,27-05-2011 00:00,Q2 2011,CE1735135686921923F92C5,181.28,6139.2,4500,1639.2,-63.07,0,0,0,0,1,0,0,0,49
0DE83585214289256D08313,842723,06:43.2,,36,Current,,0.26528,0.2272,0.2172,0.2,0.0975,0.1025,3,D,3,1,MD,Other,Employed,84,TRUE,FALSE,,17-07-2013 13:16,700,719,01-08-1988 00:00,7,5,34,2,53,1,2,3,155578,64,0,0,408,0.86,55,29,0.75,1,0.11,"$50,000-74,999",TRUE,6000,42A93687580324146550779,,,,,,,,,0,,8,96152,4000,19-07-2013 00:00,Q3 2013,169D35079759285297B895C,154.26,1064.82,560.28,504.54,-22.2,0,0,0,0,1,0,0,0,40
0DEB351032566848818E832,496566,21:40.3,,36,Chargedoff,15-09-2013 00:00,0.35643,0.3199,0.3099,0.2957,0.147,0.1487,2,E,5,7,FL,Fireman,Employed,213,TRUE,FALSE,,04-03-2011 14:21,680,699,01-02-1990 00:00,4,5,53,3,52,1,3,6,5256,5,1,0,892,0.19,2006,50,0.7,1,0.21,"$50,000-74,999",TRUE,5314,1A213613553764272F57CA8,,,,,,,,,298,30,36,47762,2500,16-03-2011 00:00,Q1 2011,897435091439358025BC0F7,108.87,2721.75,1468.11,1253.64,-39.2,0,1031.89,1031.89,0,1,0,0,0,50
0DF535815829610812D7705,813784,19:26.6,,36,Chargedoff,01-01-2014 00:00,0.32538,0.2859,0.2759,0.2512,0.1375,0.1137,2,E,2,19,KS,Skilled Labor,Employed,72,FALSE,FALSE,,18-06-2013 15:19,660,679,26-10-2000 00:00,8,8,15,6,162,1,2,0,0,0,1,0,3208,0.53,2408,14,1,2,0.26,"$50,000-74,999",TRUE,4750,134B3686263955602D5ECB3,,,,,,,,,190,6,8,94640,4000,01-07-2013 00:00,Q3 2013,61F03581038012348DB3750,166.73,166.73,69.6,97.13,-3.4,0,3930.4,3930.4,0,1,0,0,0,42
0DFD336490760860963B515,24177,48:47.7,E,36,Completed,10-08-2007 00:00,0.25861,0.25,0.245,,,,,,,0,MO,Executive,Not available,,TRUE,TRUE,3D4D3366260257624AB272D,19:32.2,540,559,10-08-1988 00:00,,,27,4,164,0,28,3,,5,2,,,,,,,,0.13,Not displayed,TRUE,8583,A7AC33650456321694DD117,,,,,,,,,0,,92,2028,2200,21-07-2006 00:00,Q3 2006,4.27E+22,87.47,2711.61,2200,511.61,-10.23,0,0,0,0,1,0,0,0,38
0DFD35069860903300C7973,494156,52:08.0,,36,Completed,03-02-2012 00:00,0.13109,0.1099,0.0999,0.0983,0.0495,0.0488,5,B,8,6,VA,Analyst,Full-time,21,TRUE,FALSE,,17-02-2011 05:52,760,779,03-10-2000 00:00,15,15,36,6,210,2,5,0,0,0,0,0,7168,0.48,7682,28,1,0,0.18,"$75,000-99,999",TRUE,6467,73133611746418789CAEC30,1,6,6,0,0,7500,6406.25,-12,0,,37,47313,5600,24-02-2011 00:00,Q1 2011,A462348861855137328A095,183.31,6106.15,5600,506.15,-46.07,0,0,0,0,1,0,0,0,114
0DFE3425061927556BB8A75,359657,23:40.2,A,36,Chargedoff,09-04-2009 00:00,0.18454,0.17,0.16,,,,,,,3,CA,Realtor,Full-time,68,TRUE,FALSE,,13:04.9,720,739,29-11-1995 00:00,14,14,26,9,962,4,11,0,0,0,0,0,33572,0.73,9355,24,1,1,,$0,FALSE,0,B8483424568930207C77772,1,6,6,0,0,7750,6725.84,0,1918,9,68,33852,4800,08-07-2008 00:00,Q3 2008,D77734052911579724BCDD5,171.13,684.52,418.38,266.14,-15.66,0,4381.62,4381.62,0,1,0,0,0,115
0E193575764412056DAE671,755080,23:44.2,,36,Current,,0.24246,0.2049,0.1949,0.1808,0.0824,0.0984,4,C,5,1,NY,Skilled Labor,Employed,173,FALSE,FALSE,,01-04-2013 08:06,740,759,16-06-1998 00:00,9,6,28,5,231,1,2,0,0,0,0,0,9404,0.45,11346,27,0.96,0,0.23,"$75,000-99,999",TRUE,7500,70A636803286143275CDABE,,,,,,,,,0,,11,88332,22500,18-04-2013 00:00,Q2 2013,16EA35695252883231A0917,841.81,8418.1,4923.68,3494.42,-170.55,0,0,0,0,1,0,0,0,1
10503600874171217579DB4,1144712,46:27.6,,36,Current,,0.27776,0.2394,0.2294,0.20961,0.1175,0.09211,3,D,4,1,UT,Other,Employed,55,FALSE,FALSE,,17-01-2014 18:46,640,659,26-07-1999 00:00,5,4,10,4,170,0,2,1,7342,15,0,0,5538,0.97,128,9,0.66,1,0.31,"$1-24,999",TRUE,1062,856E37036439790886FF87C,,,,,,,,,0,,2,128164,4000,22-01-2014 00:00,Q1 2014,EC843704353572273D1DC0B,156.81,156.81,75.48,81.33,-3.4,0,0,0,0,1,0,0,0,25
105B35621274435224BDC69,671421,28:17.1,,60,Current,,0.12216,0.1,0.09,0.0886,0.0124,0.0762,7,AA,10,1,DC,Professional,Employed,51,FALSE,FALSE,,15-11-2012 15:28,780,799,08-12-1999 00:00,8,7,14,5,236,0,3,0,0,0,0,0,22554,0.59,15145,14,1,1,0.1,"$100,000+",TRUE,10000,1795366928190951222A81A,,,,,,,,,0,,15,78856,25000,04-12-2012 00:00,Q4 2012,45843506715839098E74608,531.18,7967.7,5142.71,2824.99,-282.5,0,0,0,0,1,0,0,0,335
1.06E+22,843206,09:06.4,,36,Past Due (16-30 days),,0.33286,0.2932,0.2832,0.2575,0.1425,0.115,2,E,2,7,NY,Other,Employed,47,FALSE,FALSE,,18-07-2013 05:08,600,619,05-12-2008 00:00,9,9,9,8,229,1,5,0,0,0,0,0,3726,0.76,535,9,0.88,1,0.12,"$50,000-74,999",TRUE,4167,F0B13687249606394E0D30C,1,9,6,3,0,3000,2428.26,-71,19,,8,95823,4000,19-07-2013 00:00,Q3 2013,2FFD35596994704013018EA,168.32,1006.7068,445.2,561.5068,-19.27,0,0,0,0,1,0,0,0,1
1066354838733351352FBF8,596575,27:23.6,,36,Chargedoff,08-12-2012 00:00,0.33553,0.2958,0.2858,0.2727,0.147,0.1257,2,E,6,7,GA,Accountant/CPA,Employed,117,FALSE,FALSE,,05-06-2012 14:27,660,679,28-04-2001 00:00,11,9,23,8,138,3,3,0,0,3,0,0,2138,0.05,33982,20,0.6,1,0.35,"$25,000-49,999",TRUE,3250,D4953652835792212EE1E56,,,,,,,,,579,6,21,67600,4000,08-06-2012 00:00,Q2 2012,8DD835486728621644D77EC,168.89,168.89,71.64,97.25,-3.29,0,3928.36,3928.36,0,1,0,0,0,11
106735874092648468C4A6E,884488,35:28.3,,60,Current,,0.22283,0.1984,0.1884,0.1765,0.0674,0.1091,4,C,5,1,MA,Flight Attendant,Employed,213,TRUE,FALSE,,30-08-2013 07:58,760,779,15-11-1981 00:00,11,11,22,10,908,3,4,0,0,0,0,0,41278,0.43,52602,21,1,0,0.28,"$50,000-74,999",TRUE,5083,EAEB3691261042696BB2DAF,,,,,,,,,0,,6,100706,20000,04-09-2013 00:00,Q3 2013,5C0B3588039711890243BDA,528.1,3168.5988,1249.75,1918.8488,-85.32,0,0,0,0,1,0,0,0,1
106B3599263839928396A82,1070092,23:00.5,,60,Current,,0.21166,0.1875,0.1775,0.16463,0.0824,0.08223,4,C,4,1,MN,Other,Employed,93,TRUE,FALSE,,31-12-2013 11:23,660,679,01-06-2000 00:00,4,4,7,2,158,0,3,0,0,0,1,0,5008,0.98,50,7,1,0,0.19,"$25,000-49,999",TRUE,2917,48B13702746813637453470,,,,,,,,,0,,2,124230,10000,06-01-2014 00:00,Q1 2014,EB743701942183192B22D11,258.03,252.893,98.78,154.113,-8.49,0,0,0,0,1,0,0,0,1
1079360150757893206802F,1142410,03:24.9,,36,Current,,0.22773,0.1905,0.1805,0.16717,0.0849,0.08227,4,C,4,1,FL,Nurse (LPN),Employed,131,TRUE,FALSE,,04-02-2014 11:03,640,659,26-02-1990 00:00,8,7,50,3,91,1,12,0,0,73,2,0,3120,0.89,380,43,0.72,0,0.19,"$50,000-74,999",TRUE,5417,828C3705232601213C8CB74,,,,,,,,,0,,1,129999,4500,05-02-2014 00:00,Q1 2014,D92B370560586752604A1FF,165.07,0,0,0,0,0,0,0,0,1,0,0,0,20
107D3547498442173689AFA,594208,40:11.3,,36,Completed,23-01-2014 00:00,0.33973,0.2999,0.2899,0.2766,0.149,0.1276,2,E,3,1,GA,Professional,Employed,127,TRUE,FALSE,,30-05-2012 08:40,640,659,01-06-1982 00:00,28,28,42,25,807,1,10,0,0,30,0,0,22591,0.86,3031,39,0.89,2,0.4,"$25,000-49,999",TRUE,3333,BE783651841136823C022A6,1,10,10,0,0,4000,3049.25,-13,0,,21,67158,4000,01-06-2012 00:00,Q2 2012,642F349566594606209C5DA,169.78,5581.71,4000,1581.71,-45.97,0,0,0,0,1,0,0,0,35
10803531522293214B198DF,538785,05:58.3,,36,Completed,31-05-2012 00:00,0.35643,0.3199,0.3099,0.2917,0.165,0.1267,1,HR,3,7,CO,Construction,Employed,5,TRUE,FALSE,,13-11-2011 20:05,700,719,22-07-1989 00:00,7,6,19,3,224,3,4,0,0,0,0,0,10173,0.99,43,12,1,2,0.23,"$75,000-99,999",TRUE,6250,B78D3635414383063470DE8,,,,,,,,,0,,28,56294,4000,18-11-2011 00:00,Q4 2011,E1243530639796312A41AD5,174.2,4650.78,4000,650.78,-20.34,0,0,0,0,1,0,0,0,48
0FC235484386436481EDCB7,594992,39:02.7,,36,Current,,0.21372,0.1768,0.1668,0.1639,0.0565,0.1074,5,B,8,6,MD,Construction,Employed,76,FALSE,FALSE,,01-06-2012 03:38,660,679,31-07-2000 00:00,4,4,11,2,50,2,2,0,0,11,0,0,262,0.32,538,6,0.66,0,0.08,"$75,000-99,999",TRUE,7083,039F36536503013285DD282,,,,,,,,,0,,21,67641,3500,12-06-2012 00:00,Q2 2012,414C35482941135335A5076,125.97,2519.4,1713.99,805.41,-45.55,0,0,0,0,1,0,0,0,34
0FC333723307531761A7001,56671,21:44.0,D,36,Completed,10-03-2009 00:00,0.19178,0.1845,0.1745,,,,,,,0,,Clerical,Not available,,TRUE,TRUE,3D4D3366260257624AB272D,48:52.5,600,619,01-07-1995 00:00,,,25,4,52,0,4,5,,0,0,,,,,,,,0.13,Not displayed,TRUE,1833,D8C53374343326309856587,,,,,,,,,0,,88,4647,5000,14-11-2006 00:00,Q4 2006,23F43372528170912B76B95,181.89,6183.96,5000,1183.96,-32.97,0,0,0,0,1,0,0,0,146
0FD13502904293521146412,487757,44:54.7,,36,Completed,09-12-2011 00:00,0.35858,0.322,0.312,0.1557,0.142,0.1557,2,E,5,1,MN,Other,Employed,25,FALSE,FALSE,,13-12-2010 09:44,700,719,29-06-2008 00:00,5,5,11,3,38,0,2,0,0,0,0,0,1007,0.29,1193,5,1,1,0.3,"$25,000-49,999",TRUE,2250,EC883605836561789BAE123,,,,,,,,,0,,39,45977,3500,20-12-2010 00:00,Q4 2010,0A013502216942205867375,152.83,4479.23,3500,979.23,-25.64,0,0,0,0,1,0,0,0,54
0FE433661215082408720F0,22591,05:02.9,AA,36,Completed,01-03-2007 00:00,0.08292,0.0755,0.0705,,,,,,,0,,,,,TRUE,TRUE,A0CB3365552651755022A2E,30:00.5,820,839,31-08-1987 00:00,,,43,12,617,3,3,0,,0,0,,,,,,,,0.08,Not displayed,TRUE,10833,B5683365378813542660F21,,,,,,,,,0,,92,1808,2300,11-07-2006 00:00,Q3 2006,6EF33364697321660ECD980,71.6,2401.65,2300,101.65,-6.73,0,0,0,0,1,0,0,0,21
0FEC354965230800369FB27,597761,51:19.1,,60,Chargedoff,12-02-2013 00:00,0.27462,0.2489,0.2389,0.2332,0.089,0.1442,4,C,7,18,MN,Laborer,Employed,166,TRUE,FALSE,,08-06-2012 14:51,680,699,27-08-1998 00:00,17,15,29,11,1043,0,2,0,0,0,0,0,26085,0.55,10975,26,0.96,2,0.43,"$50,000-74,999",TRUE,5417,86723652967979538AFB00F,,,,,,,,,513,8,21,67856,7000,13-06-2012 00:00,Q2 2012,C14035491275088458DE9F4,205.01,615.03,179.72,435.31,-17.48,0,6820.28,6820.28,0,1,0,0,0,152
0FEE354060248231998406E,563980,20:32.8,,36,Current,,0.35797,0.3177,0.3077,0.2896,0.165,0.1246,1,HR,3,7,MO,Military Officer,Employed,33,TRUE,FALSE,,29-02-2012 11:20,700,719,20-09-2005 00:00,15,13,23,7,478,1,4,0,0,0,0,0,17878,0.92,833,17,1,3,0.43,"$50,000-74,999",TRUE,5196,25013645183307735D78AF0,,,,,,,,,0,,24,61584,4000,05-03-2012 00:00,Q1 2012,2B163539729377704DEE232,173.71,3995.33,2101.75,1893.58,-59.58,0,0,0,0,1,0,0,0,6
0FFC3601335963354A35791,1166429,21:42.3,,36,Current,,0.12691,0.099,0.089,0.08619,0.0274,0.05879,6,A,8,1,TX,Analyst,Employed,48,TRUE,FALSE,,26-01-2014 22:21,680,699,06-09-2003 00:00,10,9,18,6,422,0,2,0,0,1,1,0,15615,0.61,8667,18,0.88,3,0.13,"$100,000+",TRUE,14833,074937059707627129C6652,,,,,,,,,0,,1,130355,20000,05-02-2014 00:00,Q1 2014,DD493703550634537F5395C,644.41,644.41,492.52,151.89,-15.34,0,0,0,0,1,0,0,0,1
1002355507716089687F6D9,621790,29:51.5,,60,Current,,0.23718,0.2124,0.2024,0.1988,0.0599,0.1389,5,B,8,1,FL,Clerical,Employed,42,FALSE,FALSE,,07-08-2012 14:29,720,739,03-01-2006 00:00,12,12,15,10,294,0,2,0,0,0,0,0,9760,0.29,23290,14,1,1,0.56,"$25,000-49,999",TRUE,2583,E8BF3658547994444E01281,,,,,,,,,0,,19,72368,15000,15-08-2012 00:00,Q3 2012,490F3553489414505D4BB5D,407.83,7840.94,3637.86,4203.08,-197.9,0,0,0,0,1,0,0,0,213
1008356191184551964B1C4,660557,59:35.2,,36,Current,,0.23121,0.1939,0.1839,0.1714,0.0749,0.0965,4,C,6,7,GA,Sales - Retail,Employed,30,FALSE,FALSE,,26-10-2012 11:59,640,659,25-09-2000 00:00,2,2,6,2,2,1,4,0,0,0,0,0,0,0,0,6,0.83,0,0.05,"$1-24,999",TRUE,1500,6E8636649459659581817FD,1,32,32,0,0,2000,0,-22,0,,16,77573,2000,07-11-2012 00:00,Q4 2012,BC113427399739339989A4F,73.71,1105.65,696.11,409.54,-21.12,0,0,0,0,1,0,0,0,38
0F653600910253363BBD659,1164962,13:04.5,,36,Current,,0.17151,0.1355,0.1255,0.11932,0.0474,0.07192,5,B,9,1,VA,Computer Programmer,Employed,189,TRUE,FALSE,,26-01-2014 10:13,640,659,22-02-1996 00:00,7,5,28,2,279,0,0,2,0,10,0,0,9058,0.9,942,19,0.68,0,0.2,"$50,000-74,999",TRUE,6000,3AFC370360000314995EA05,1,35,35,0,0,2500,0,,0,,2,128514,4000,28-01-2014 00:00,Q1 2014,8.00E+22,135.84,134.3551,89.81,44.5451,-3.4,0,0,0,0,1,0,0,0,1
0F663588983215130695EB3,886064,45:13.9,,60,Current,,0.10878,0.0869,0.0769,0.0751,0.0199,0.0552,7,AA,10,2,MO,Other,Other,192,FALSE,FALSE,,03-09-2013 08:44,800,819,01-10-1972 00:00,7,7,11,6,148,0,1,0,0,0,0,0,685,0.03,15397,9,1,0,0.22,"$25,000-49,999",TRUE,3750,3E0036932010839577D2E62,1,14,14,0,0,20000,16608.37,-10,0,,6,102373,10000,19-09-2013 00:00,Q3 2013,7C3D35465827884823DDAAD,206.08,1030.4,676.02,354.38,-40.78,0,0,0,0,1,0,0,0,184
0F67356860455769574096F,704916,48:26.0,,36,Chargedoff,30-08-2013 00:00,0.35356,0.3134,0.3034,0.276,0.1575,0.1185,1,HR,3,13,CA,Other,Not employed,12,FALSE,FALSE,,11-01-2013 12:10,720,739,10-09-2000 00:00,3,3,10,3,56,0,2,0,0,0,0,0,5641,0.22,19359,4,1,1,,Not employed,FALSE,0,9D203674230576864DAB261,1,11,7,4,0,5000,3802.1,-47,314,7,14,82947,4000,30-01-2013 00:00,Q1 2013,CEE83539008163122ED9B62,172.76,345.52,144.77,200.75,-6.41,0,3855.23,3855.23,0,1,0,0,0,73
0F6A3407615179140F880BF,254944,23-12-2007 12:09,E,36,Chargedoff,10-03-2010 00:00,0.20421,0.1895,0.1795,,,,,,,1,IL,Food Service Management,Full-time,193,TRUE,TRUE,B7BA33816687475120A8407,58:02.6,560,579,01-03-1992 00:00,18,17,38,13,739,7,18,0,0,8,2,0,23493,0.7,4259,31,0.7,7,0.36,"$75,000-99,999",TRUE,7417,052E3409972535289EF092D,1,6,6,0,0,25000,21862.26,-80,1583,27,74,24554,2932,08-01-2008 00:00,Q1 2008,FA963386898113375CA9624,107.4,2225.4,1466.64,758.76,-40.04,0,1465.36,1465.36,0,1,1,0,0,91
0F823461624751165710F76,421994,37:08.1,,36,Completed,15-09-2012 00:00,0.15529,0.1338,0.1238,0.1024,0.021,0.1024,6,A,9,1,MD,Professional,Full-time,94,TRUE,FALSE,,25-08-2009 13:28,720,739,27-09-1991 00:00,9,7,31,6,960,0,4,0,0,1,0,0,21044,0.56,9420,28,0.85,0,0.16,"$100,000+",TRUE,15000,60B735657994093942AA7B2,1,14,14,0,0,15000,10218.19,25,0,,54,38476,10000,15-09-2009 00:00,Q3 2009,B41334062857898874757F4,322.34,12197.15,10000,2197.15,-164.22,0,0,0,0,1,0,0,0,293
0F843543787869030F017F8,579737,58:52.3,,36,Chargedoff,22-03-2013 00:00,0.26681,0.2287,0.2187,0.2134,0.099,0.1144,3,D,2,3,CO,Truck Driver,Self-employed,29,TRUE,FALSE,,17-04-2012 11:58,680,699,26-10-1993 00:00,9,7,21,1,699,0,0,0,0,0,0,0,28228,0.98,502,18,0.77,0,,"$50,000-74,999",FALSE,5000,3AB03648859759387133670,1,29,28,1,0,15000,3813.03,-94,384,12,23,63925,15000,19-04-2012 00:00,Q2 2012,F11E34621201188152DD3DA,579.63,3968.89,1119.05,2849.84,-49.41,-813.65,13880.95,13880.95,1600,1,0,0,0,21
0F8435958508525579E0C8D,1027861,52:59.5,,36,Current,,0.19859,0.162,0.152,0.14256,0.0649,0.07766,4,C,5,1,CT,Other,Employed,3,FALSE,FALSE,,05-12-2013 16:53,660,679,15-09-2001 00:00,11,9,31,8,950,1,5,0,0,0,0,0,79487,0.91,7416,29,1,0,0.35,"$50,000-74,999",TRUE,4917,E50F37008808794166EAA47,,,,,,,,,0,,3,122080,15000,16-12-2013 00:00,Q4 2013,C71C36997477004459401D6,528.84,1057.68,649.35,408.33,-25.21,0,0,0,0,1,0,0,0,1
0F873523720624525E00B20,521989,24:41.7,,36,Chargedoff,01-04-2012 00:00,0.30532,0.2699,0.2599,0.2534,0.112,0.1414,3,D,6,6,WI,Sales - Commission,Employed,1,FALSE,FALSE,,01-08-2011 09:40,640,659,05-05-2003 00:00,4,4,40,3,58,2,5,1,0,7,0,0,2130,0.64,1079,21,0.81,0,,"$25,000-49,999",FALSE,2667,FAAA3629026288188FB5865,,,,,,,,,831,8,31,52871,2000,31-08-2011 00:00,Q3 2011,743335223074230902A9DCB,81.64,176.64,37.27,139.37,-1.64,-18.7,1962.73,1962.73,0,1,0,0,0,27
0F8B35317926570441EA191,538122,28:08.0,,36,Current,,0.19088,0.1619,0.1519,0.1493,0.052,0.0973,5,B,6,1,IL,Other,Employed,117,FALSE,FALSE,,09-11-2011 05:28,660,679,20-07-1995 00:00,13,12,45,7,187,0,6,1,134,0,1,0,6552,0.74,2198,42,0.97,1,0.2,"$50,000-74,999",TRUE,4699,05A13636401850985F3C7E3,1,5,5,0,0,5000,0,15,0,,28,56312,10000,18-11-2011 00:00,Q4 2011,970335087822499474F67D5,352.51,10575.3,8243.31,2331.99,-144.04,0,0,0,0,1,0,0,0,188
10BE354254173728633D033,573446,17:10.0,,36,Defaulted,23-12-2012 00:00,0.35797,0.3177,0.3077,0.2896,0.165,0.1246,1,HR,2,1,OH,Administrative Assistant,Employed,84,FALSE,FALSE,,29-03-2012 12:17,720,739,01-03-1987 00:00,16,12,46,12,910,1,9,0,0,0,1,0,9899,0.3,16554,45,1,5,0.54,"$25,000-49,999",TRUE,2833,7CFF3648516528223B4647C,,,,,,,,,167,8,23,64080,4000,23-04-2012 00:00,Q2 2012,2077354292658772372C378,173.71,521.13,209.75,311.38,-9.81,0,3790.25,3790.25,0,1,0,0,0,13
10C034203841683992703F1,321000,26:00.3,C,36,Completed,17-03-2011 00:00,0.2832,0.26,0.25,,,,,,,1,GA,Executive,Full-time,27,FALSE,FALSE,,17:49.9,640,659,22-06-2001 00:00,11,8,21,5,198,2,9,0,0,0,0,0,6850,0.79,1416,21,0.85,3,,$0,FALSE,0,1FB33420557364158C6973D,,,,,,,,,0,,70,30830,14000,09-05-2008 00:00,Q2 2008,34F93419082777341558B78,564.07,20294.51,14000,6294.51,-242.09,0,0,0,0,1,0,0,0,53
10C23461228816873E20817,422813,17:57.0,,36,Completed,27-07-2011 00:00,0.14476,0.1234,0.1134,0.046,0.065,0.046,4,C,9,1,IL,Police Officer/Correction Officer,Full-time,279,TRUE,FALSE,,05-01-2010 13:09,660,679,11-06-1997 00:00,9,9,19,5,359,0,3,0,0,0,0,0,10796,0.94,596,15,0.93,0,0.18,"$50,000-74,999",TRUE,5833,EE3B3577746409358AE5CB1,1,22,22,0,0,3000,1280.27,1,0,,50,40424,2000,20-01-2010 00:00,Q1 2010,34103412616026962E95FCC,66.75,2275.69,2000,275.69,-22.33,0,0,0,0,1,0,0,0,164
10C53499552694250BE1012,485323,34:22.3,,36,Completed,10-10-2012 00:00,0.34631,0.31,0.3,0.0994,0.183,0.0994,1,HR,5,7,PA,Nurse (RN),Full-time,24,TRUE,FALSE,,21-11-2010 16:34,640,659,04-08-1986 00:00,8,8,32,4,94,1,3,1,71,0,1,0,1860,0.83,258,15,0.81,0,0.29,"$50,000-74,999",TRUE,4667,8CA83604217927356E59CD1,1,4,4,0,0,6000,0,-25,0,,40,45654,3000,30-11-2010 00:00,Q4 2010,F01134317857494916E5BAB,129,4349.72,3000,1349.72,-43.53,0,0,0,0,1,0,0,0,80
10CA35413217064407031F0,569416,34:26.6,,36,Current,,0.2837,0.2452,0.2352,0.2294,0.119,0.1104,3,D,6,6,IN,Laborer,Employed,23,TRUE,FALSE,,17-03-2012 04:34,700,719,21-07-2004 00:00,4,3,7,2,0,0,0,0,0,6,5,0,0,0,0,7,0.71,2,0.05,"$25,000-49,999",TRUE,3000,1A783647068153464EE14C0,,,,,,,,,0,,24,62430,4000,22-03-2012 00:00,Q1 2012,00643542171991098D6B6BC,158.03,3634.69,2206.12,1428.57,-58.26,0,0,0,0,1,0,0,0,48
10CA35440888969597C16BF,577247,57:27.1,,36,Chargedoff,19-06-2013 00:00,0.35797,0.3177,0.3077,0.2896,0.165,0.1246,1,HR,3,1,AL,Social Worker,Employed,56,TRUE,FALSE,,10-04-2012 18:57,740,759,03-09-2002 00:00,10,6,30,3,109,2,4,0,0,0,0,0,3768,0.93,40,16,1,1,0.45,"$25,000-49,999",TRUE,2583,F98336487207585091C1926,,,,,,,,,386,15,23,63730,4000,17-04-2012 00:00,Q2 2012,3B083543828203787B3F787,173.71,1518.39,511.84,1006.55,-28.88,-147.65,3488.16,3488.16,0,1,0,0,0,25
10CB3381860531415ABCC0F,102723,40:19.9,HR,36,Completed,28-02-2010 00:00,0.30564,0.29,0.28,,,,,,,0,,Other,Self-employed,37,FALSE,FALSE,,31:18.5,520,539,02-04-1999 00:00,1,0,19,0,0,0,8,13,6059,25,0,0,0,0,0,14,0.06,1,0.04,"$50,000-74,999",TRUE,4167,6F8333836894606919EF9BC,,,,,,,,,0,,85,7968,3000,28-02-2007 00:00,Q1 2007,8A8C3382615470032545608,0,4641.92,2910.09,1731.83,-50.12,-90.58,0,0,0,1,1,0,0,39
10D733970089530836E9A63,190374,17:43.3,C,36,Completed,08-10-2009 00:00,0.16727,0.1601,0.1501,,,,,,,0,WA,Computer Programmer,Full-time,27,TRUE,FALSE,,00:43.0,660,679,30-01-1997 00:00,13,13,37,3,355,1,3,0,0,8,0,0,12728,0.9,1372,19,0.84,0,0.16,"$75,000-99,999",TRUE,7083,DC9A33975640774068D4ECC,,,,,,,,,0,,79,18696,13400,31-08-2007 00:00,Q3 2007,1E4F3397300028491AAFB83,471.17,16590.14,13400,3190.14,-199.26,0,0,0,0,1,0,0,0,337
10E63597067945844E559D0,1048073,47:14.9,,60,Current,,0.2214,0.197,0.187,0.17274,0.0899,0.08284,4,C,6,13,TX,Professional,Employed,130,FALSE,FALSE,,03-12-2013 14:47,700,719,14-10-1997 00:00,11,10,20,7,539,0,2,0,0,0,0,0,21906,0.8,4650,15,1,1,0.27,"$50,000-74,999",TRUE,4491,E8663700271029780F00752,,,,,,,,,0,,3,120538,2000,06-12-2013 00:00,Q4 2013,FC553700886447133240965,52.65,104.2205,38.7,65.5205,-3.38,0,0,0,0,1,0,0,0,1
0F4935925465944189E3E7C,967847,08:13.3,,60,Current,,0.19988,0.176,0.166,0.15519,0.0699,0.08529,4,C,6,1,WA,Executive,Employed,232,TRUE,FALSE,,16-10-2013 14:50,700,719,06-08-1986 00:00,21,19,47,17,1861,1,1,0,0,0,0,0,241819,0.86,38131,44,1,3,0.33,"$75,000-99,999",TRUE,7667,1AEA36966230442891838AB,,,,,,,,,0,,5,108271,15000,25-10-2013 00:00,Q4 2013,879F3695217448875315F1E,377.64,1510.56,634.95,875.61,-49.75,0,0,0,0,1,0,0,0,195
0F4B341445393357179A9C5,291853,31:20.5,A,36,Completed,20-03-2011 00:00,0.10235,0.0885,0.0785,,,,,,,1,CA,Professional,Part-time,18,FALSE,FALSE,,25:11.8,740,759,21-04-1987 00:00,7,6,11,4,116,1,1,0,0,0,1,0,3754,0.96,113,10,1,0,0.1,"$25,000-49,999",TRUE,2500,54E3341672141311681040C,,,,,,,,,0,,72,28679,2000,20-03-2008 00:00,Q1 2008,EF1F3414701580026C1C26E,12.97,2290.05,1999.99,290.06,-32.77,0,0,0,0,1,0,0,0,103
0F513544744373659C042AF,577062,51:46.8,,36,Current,,0.17359,0.1449,0.1349,0.1326,0.0565,0.0761,5,B,8,8,CA,Teacher,Employed,44,TRUE,FALSE,,09-04-2012 22:51,720,739,11-05-1996 00:00,10,10,41,6,79,0,1,0,0,17,1,0,987,0.35,1763,27,0.81,1,0.17,"$50,000-74,999",TRUE,4583,5D8E3649109047401824BE0,,,,,,,,,0,,23,64333,6000,25-04-2012 00:00,Q2 2012,14DD354485192806643AAC8,206.5,4543,3351.97,1191.03,-82.18,0,0,0,0,1,0,0,0,83
0F5235969768792992BD77F,1045829,37:56.7,,36,Current,,0.22108,0.184,0.174,0.16162,0.0799,0.08172,4,C,4,1,MA,Clerical,Employed,23,FALSE,FALSE,,03-12-2013 10:38,720,739,23-04-1986 00:00,21,16,51,7,460,3,5,0,0,0,0,0,26927,0.36,32305,47,1,2,0.48,"$50,000-74,999",TRUE,6083,469A3700030937622A73661,,,,,,,,,0,,3,120283,15000,05-12-2013 00:00,Q4 2013,13F53700200247079E41F77,545.3,1083.0384,626.64,456.3984,-25.22,0,0,0,0,1,0,0,0,1
0F5235989252645067B75F7,1122674,52:20.5,,60,Current,,0.18913,0.1655,0.1555,0.14559,0.0674,0.07819,4,C,3,1,NC,Laborer,Employed,125,TRUE,FALSE,,09-01-2014 11:52,760,779,01-09-1989 00:00,10,10,26,7,472,1,3,0,0,0,0,0,82422,0.91,7239,25,1,1,0.32,"$25,000-49,999",TRUE,3209,6CC1370237018400628F89A,,,,,,,,,0,,2,126182,10000,14-01-2014 00:00,Q1 2014,9AA2370025069785322C0BE,246.11,241.5758,105.55,136.0258,-8.49,0,0,0,0,1,0,0,0,1
119034109962969937581AB,268384,58:31.3,B,36,Completed,07-12-2010 00:00,0.15428,0.14,0.13,,,,,,,4,GA,Military Officer,Full-time,180,TRUE,FALSE,,55:26.7,700,719,08-02-1990 00:00,11,10,30,3,263,2,9,0,0,0,1,0,8899,0.89,443,22,0.6,2,0.31,"$75,000-99,999",TRUE,6250,4F36341191372473558204B,,,,,,,,,0,,74,26676,4000,29-01-2008 00:00,Q1 2008,A2EE3410459528922A6D742,136.71,4905.1,3999.98,905.12,-64.64,0,0,0,0,1,0,0,0,67
119633661542644610A5AD7,22248,54:10.8,A,36,Completed,13-03-2007 00:00,0.08718,0.07,0.065,,,,,,,0,,Other,Not available,,FALSE,FALSE,,31:17.4,720,739,04-10-1999 00:00,,,18,6,143,0,0,0,,0,0,,,,,,,,0.13,Not displayed,TRUE,1667,3EC33365723695079F2E128,,,,,,,,,0,,92,1752,1000,07-07-2006 00:00,Q3 2006,702E336474957274243C786,30.88,1042.75,1000,42.75,-3.06,0,0,0,0,1,0,0,0,11
10D6343087886921049544C,391790,09:30.6,AA,36,Completed,23-04-2009 00:00,0.13223,0.1252,0.1152,,,,,,,3,NJ,Sales - Retail,Full-time,35,FALSE,FALSE,,47:28.4,780,799,01-11-1994 00:00,7,5,12,6,34,4,6,0,0,0,0,0,14,0,8486,11,1,0,0.19,"$25,000-49,999",TRUE,2293,1B283432345422184E85AFC,,,,,,,,,0,,66,36711,12000,16-09-2008 00:00,Q3 2008,81253427867932832C43EA9,401.56,12835.45,12000,835.45,-66.73,0,0,0,0,1,0,0,0,233
10DF35877947474891E2343,876766,38:44.2,,60,Current,,0.20081,0.1769,0.1669,0.1575,0.0574,0.1001,5,B,6,1,LA,Construction,Employed,93,TRUE,FALSE,,21-08-2013 14:38,720,739,24-07-1996 00:00,11,11,38,3,219,0,3,0,0,0,0,0,7273,0.5,7227,37,1,1,0.31,"$75,000-99,999",TRUE,7917,E56936903318019301B77B3,2,12,12,0,0,26500,0,42,0,,7,100276,15000,27-08-2013 00:00,Q3 2013,39C535283509457415468B6,378.38,2277.55,968.03,1309.52,-62.22,0,0,0,0,1,0,0,0,28
10EC3516168266498E5E38A,506130,53:38.8,,36,Current,,0.35643,0.3199,0.3099,0.2957,0.147,0.1487,2,E,5,7,NC,Other,Not employed,8,FALSE,FALSE,,10-05-2011 12:53,640,659,10-12-1993 00:00,7,7,24,3,306,0,4,0,0,0,0,0,10425,0.98,34,21,1,0,,Not employed,FALSE,0,1D71361946351591198D4B1,,,,,,,,,0,,34,49793,5000,26-05-2011 00:00,Q2 2011,86AB351462195838554C73B,217.74,7185.42,4363.15,2822.27,-88.21,0,0,0,0,1,0,0,0,92
10EC3600794645468CB39C9,1194630,42:06.6,,36,Current,,0.13799,0.1099,0.0999,0.09628,0.0324,0.06388,6,A,10,1,NY,Sales - Commission,Employed,107,TRUE,FALSE,,06-02-2014 13:42,800,819,25-10-1995 00:00,19,18,32,15,614,0,5,0,0,0,0,0,14669,0.14,84513,30,1,0,0.48,"$50,000-74,999",TRUE,4333,815E37057857920959AF6D8,,,,,,,,,0,,1,131237,14000,11-02-2014 00:00,Q1 2014,27C335808521055697E65F2,458.28,0,0,0,0,0,0,0,0,1,0,0,0,1
10F83416199324455232962,292860,04:51.6,HR,36,Chargedoff,22-02-2009 00:00,0.29743,0.2745,0.2645,,,,,,,1,CA,Administrative Assistant,Full-time,47,FALSE,FALSE,,47:42.5,520,539,01-02-1992 00:00,3,4,13,2,72,7,18,1,30,5,0,0,1051,1.31,0,10,0.6,1,0.17,"$25,000-49,999",TRUE,2947,E8FF3415496706029E1EA80,2,13,13,0,0,5550,2331.4,-80,1966,11,72,28744,2551,21-03-2008 00:00,Q1 2008,616633767931160574A5A44,104.76,613.56,257.91,355.65,-12.96,0,2293.09,2293.09,0,1,0,0,0,67
110A3373894473317F98123,57371,48:43.0,HR,36,Defaulted,14-11-2007 00:00,0.18824,0.17,0.125,,,,,,,0,FL,Other,Not available,,TRUE,TRUE,783C3371218786870A73D20,38:08.4,500,519,01-07-1991 00:00,,,22,3,55,5,5,9,,20,2,,,,,,,,0.03,Not displayed,TRUE,2917,3E543374129385598C2F1DD,,,,,,,,,162,12,88,4690,1000,16-11-2006 00:00,Q4 2006,2CAE33715881115270D394A,35.65,217.61,146.32,71.29,-2.74,0,864.4,853.68,0,1,0,0,0,5
111335777080426187DABBE,772761,42:28.3,,36,Current,,0.28032,0.2419,0.2319,0.2126,0.1075,0.1051,3,D,2,7,TX,Retail Management,Employed,7,FALSE,FALSE,,08-05-2013 05:42,660,679,01-08-1990 00:00,3,3,15,3,55,0,2,1,179,8,1,0,361,0.36,639,13,0.46,0,0.26,"$25,000-49,999",TRUE,3000,19C7368164189690320CD70,,,,,,,,,0,,10,90271,10000,10-05-2013 00:00,Q2 2013,E69B3578681916057F73465,393.33,3539.97,1856.95,1683.02,-69.57,0,0,0,0,1,0,0,0,1
111835892846741953F498C,891440,18:04.4,,60,Completed,27-01-2014 00:00,0.24754,0.2225,0.2125,0.1952,0.1025,0.0927,3,D,6,2,TX,Food Service Management,Employed,52,TRUE,FALSE,,10-09-2013 16:18,660,679,10-10-2001 00:00,15,15,24,9,312,0,3,0,0,4,0,0,8296,0.6,4034,21,0.9,2,0.37,"$50,000-74,999",TRUE,4833,56FC3691864332477A5B4DB,,,,,,,,,0,,6,101842,10000,13-09-2013 00:00,Q3 2013,801C369255246955147C2C8,277.61,10809.1941,10000,809.1941,-36.64,0,0,0,0,1,0,0,0,1
11193430644352832E11281,396451,34:20.1,A,36,Completed,23-09-2011 00:00,0.20623,0.1915,0.1815,,,,,,,1,SC,Other,Part-time,13,FALSE,FALSE,,33:56.2,740,759,01-06-1995 00:00,7,7,22,6,357,0,4,0,0,0,0,0,12440,0.51,11402,22,1,2,,"$1-24,999",FALSE,833,68203431874992959C510A1,,,,,,,,,0,,66,36914,12500,23-09-2008 00:00,Q3 2008,B54D342854423575513E3B5,459.15,16527.36,12499.98,4027.38,-210.3,0,0,0,0,1,0,0,0,161
10F1341448577160837015D,290011,46:59.6,B,36,Completed,01-03-2011 00:00,0.13012,0.124,0.114,,,,,,,2,MO,Military Enlisted,Full-time,117,TRUE,FALSE,,26:07.2,680,699,01-10-1997 00:00,8,8,14,6,702,0,3,0,0,3,0,0,29078,0.89,3055,14,0.78,1,0.34,"$25,000-49,999",TRUE,4162,F2F1341690253951712CA47,,,,,,,,,0,,72,28715,8600,20-03-2008 00:00,Q1 2008,C46A34153657818514410BF,287.29,10373.47,8618.31,1755.16,-141.55,0,0,0,0,1,0,0,0,175
10F935536234979271B22A5,621421,58:47.4,,60,Current,,0.15936,0.1364,0.1264,0.1259,0.0249,0.101,6,A,8,11,MD,Other,Employed,35,FALSE,FALSE,,06-08-2012 16:58,740,759,22-10-1999 00:00,9,9,12,7,323,0,2,0,0,0,0,0,8934,0.33,17556,11,1,0,0.3,"$25,000-49,999",TRUE,2750,D0D53658743287339A6001C,1,24,24,0,0,1500,546.86,48,0,,19,72142,5000,08-08-2012 00:00,Q3 2012,742A34873024359653E186D,115.41,2077.38,1160.33,917.05,-67.24,0,0,0,0,1,0,0,0,31
10FC359299660914790898F,992370,55:40.3,,36,Current,,0.28544,0.2469,0.2369,0.2165,0.1175,0.099,3,D,4,1,IL,Professional,Employed,70,FALSE,FALSE,,21-10-2013 10:55,640,659,01-04-1993 00:00,6,6,14,3,150,1,1,0,0,1,0,0,3975,0.92,325,11,0.9,1,0.18,"$75,000-99,999",TRUE,7083,3976369715826221070D0BD,,,,,,,,,0,,5,107897,6000,28-10-2013 00:00,Q4 2013,0AC336965826107031B4904,237.58,946.2614,465.46,480.8014,-19.64,0,0,0,0,1,0,0,0,1
1.10E+22,998328,48:01.5,,36,Current,,0.33215,0.2925,0.2825,0.25691,0.1475,0.10941,2,E,2,1,KY,Skilled Labor,Employed,125,FALSE,FALSE,,23-10-2013 08:48,640,659,24-02-2000 00:00,5,5,20,4,185,0,2,0,0,0,1,0,5635,0.99,23,15,0.73,0,0.12,"$50,000-74,999",TRUE,4167,CEF63696448896267E67301,,,,,,,,,0,,5,107711,4000,25-10-2013 00:00,Q4 2013,7E693695531998560D5A4DA,168.17,672.68,288.94,383.74,-13.12,0,0,0,0,1,0,0,0,5
11033424414557921FA7656,355629,23:19.6,C,36,Completed,02-07-2011 00:00,0.21679,0.1945,0.1845,,,,,,,3,CT,Sales - Commission,Full-time,33,FALSE,FALSE,,19:54.3,660,679,01-02-1989 00:00,3,3,28,3,92,5,8,1,0,29,0,0,1632,0.27,4368,18,0.66,0,0.11,"$25,000-49,999",TRUE,3333,9F6534256099432906DA27D,,,,,,,,,0,,68,33618,3000,02-07-2008 00:00,Q3 2008,BFEF34233857841805B8453,108.52,3985.53,3000.01,985.52,-50.68,0,0,0,0,1,0,0,0,90
112235975452991379F490B,1103750,12:58.5,,36,Current,,0.21648,0.1795,0.1695,0.15767,0.0774,0.08027,4,C,4,1,WI,Construction,Employed,551,FALSE,FALSE,,30-12-2013 09:13,660,679,14-11-2001 00:00,7,7,21,8,354,0,2,1,0,1,1,0,7109,0.31,552,18,0.94,0,0.44,"$1-24,999",TRUE,1417,1F7F3703146098460D650AF,,,,,,,,,0,,2,125483,4000,08-01-2014 00:00,Q1 2014,CE0737032277358305ED730,144.51,142.5429,83.53,59.0129,-3.4,0,0,0,0,1,0,0,0,1
11273541569159931E84F17,569000,22:33.4,,36,Defaulted,20-09-2012 00:00,0.33973,0.2999,0.2899,0.2766,0.149,0.1276,2,E,3,6,KY,Military Enlisted,Employed,126,TRUE,FALSE,,06-03-2012 11:00,620,639,20-04-2001 00:00,7,8,30,2,25,5,5,2,1890,23,0,0,72,0.07,928,27,0.75,1,0.35,"$25,000-49,999",TRUE,3750,A6773646313973238A33299,1,3,3,0,0,2000,0,-36,121,6,24,62391,3000,21-03-2012 00:00,Q1 2012,87C83528199783859742DC3,127.34,127.34,23.82,103.52,-5.9,0,2976.18,0,764.27,1,0,0,0,31
112A35420359988673C6984,571141,11:18.4,,36,Past Due (1-15 days),,0.33973,0.2999,0.2899,0.2766,0.149,0.1276,2,E,3,2,KY,Other,Other,111,FALSE,FALSE,,22-03-2012 19:11,600,619,01-04-1983 00:00,7,6,35,2,50,0,2,0,0,20,1,0,1424,0.94,76,27,0.72,2,0.41,"$1-24,999",TRUE,1835,CD4136462469565703D9DAA,1,10,10,0,0,2000,1621.63,-41,11,,24,62579,2500,27-03-2012 00:00,Q1 2012,06163510491201184074FDD,106.12,2244.64,1117.31,1127.33,-37.6,0,0,0,0,1,0,0,0,25
348934639001802448C8E6C,424416,52:28.0,,36,Completed,30-09-2011 00:00,0.12198,0.1009,0.0909,0.0697,0.021,0.0697,6,A,9,3,MD,Accountant/CPA,Full-time,20,FALSE,TRUE,156C3413203271953DEACE5,15-09-2009 06:42,760,779,01-06-2003 00:00,6,6,8,6,30,0,1,0,0,0,0,0,1222,0,7176,6,1,1,0.04,"$50,000-74,999",TRUE,4833,06A73569349574436F63BE2,,,,,,,,,0,,53,38992,5000,20-10-2009 00:00,Q4 2009,271334188272518927052F1,161.55,5702.8,5000,702.8,-69.65,0,0,0,0,1,1,0,0,255
348A358496682608062923B,855539,02:34.5,,60,Current,,0.26877,0.2432,0.2332,0.2148,0.0975,0.1173,3,D,4,1,UT,Truck Driver,Employed,13,FALSE,FALSE,,04-08-2013 17:49,640,659,07-01-1994 00:00,9,9,28,6,486,0,7,0,0,0,0,0,14383,0.87,1746,24,1,0,0.36,"$50,000-74,999",TRUE,4423,7928368863504945696921A,,,,,,,,,0,,7,98494,9000,07-08-2013 00:00,Q3 2013,DEE33584351414351FC8F52,260.59,1563.54,484.47,1079.07,-44.36,0,0,0,0,1,0,0,0,8
349134175738976507325F1,308345,33:07.7,B,36,Chargedoff,23-11-2008 00:00,0.15882,0.1445,0.1345,,,,,,,7,AZ,Analyst,Full-time,20,TRUE,FALSE,,21:14.4,700,719,23-10-1997 00:00,7,6,13,4,35,2,24,1,250,12,1,0,1472,0.29,3578,10,0.63,1,0.11,"$50,000-74,999",TRUE,4750,B3B0341775618453254B12D,,,,,,,,,2057,7,71,29911,2500,22-04-2008 00:00,Q2 2008,F7603417067118640C55364,85.99,171.98,112.3,59.68,-4.13,0,2387.7,2387.7,0,1,0,0,0,85
34953598707923990EB3862,1110347,13:23.6,,60,Current,,0.1963,0.1725,0.1625,0.15163,0.0724,0.07923,4,C,4,1,OH,Fireman,Employed,249,TRUE,FALSE,,29-12-2013 11:32,680,699,15-10-1990 00:00,9,9,45,6,287,3,8,1,1423,36,0,0,7818,0.24,3772,40,0.82,2,0.22,"$75,000-99,999",TRUE,6654,E3EE370161458670666EE32,,,,,,,,,0,,2,124200,20000,06-01-2014 00:00,Q1 2014,2D3B3702676842174E094C5,499.74,490.2879,206.73,283.5579,-16.99,0,0,0,0,1,0,0,0,1
349D35613352822385FE4AE,654123,01:53.8,,36,Current,,0.2878,0.2492,0.2392,0.219,0.1125,0.1065,3,D,7,18,IL,Sales - Commission,Employed,39,TRUE,FALSE,,15-10-2012 10:01,680,699,16-09-1997 00:00,2,2,12,2,3,2,2,0,0,6,2,0,3,0,437,10,0.72,0,0.04,"$25,000-49,999",TRUE,3750,5FAC36639016580669B4C56,,,,,,,,,0,,17,76506,3500,24-10-2012 00:00,Q4 2012,C99835245774645136D61CF,139.01,2179.16,1143.21,1035.95,-40.37,-70.89,0,0,0,1,0,0,0,37
34A435890358538545FC9C4,885553,31:10.4,,36,Current,,0.20053,0.1639,0.1539,0.1452,0.0574,0.0878,5,B,6,1,WA,Tradesman - Mechanic,Employed,395,TRUE,FALSE,,03-09-2013 16:08,720,739,28-12-2001 00:00,9,9,17,7,270,1,2,0,0,1,1,0,7981,0.44,9528,13,0.73,0,0.15,"$100,000+",TRUE,9417,C121369243321848913F43A,,,,,,,,,0,,6,101725,22000,12-09-2013 00:00,Q3 2013,D52B3587614256210BDEB70,777.7,4666.2,3128.44,1537.76,-93.82,0,0,0,0,1,0,0,0,113
34B03365511229087456DB5,31745,43:10.9,A,36,Completed,04-12-2006 00:00,0.09939,0.0925,0.085,,,,,,,0,,,,,FALSE,FALSE,4707336438924330015F446,17:55.9,740,759,05-01-2003 00:00,,,8,3,84,0,0,0,,0,0,,,,,,,,0.07,Not displayed,FALSE,0,A52133660283610896B3237,,,,,,,,,0,,91,2902,4000,29-08-2006 00:00,Q3 2006,862A3365213342789F57EB7,127.66,4083.24,4000,83.24,-4.61,0,0,0,0,1,0,0,0,67
34B034630579271407DEE75,422844,01:25.2,,36,Completed,17-03-2010 00:00,0.09191,0.0712,0.0612,0.0552,0.006,0.0552,7,AA,10,6,OK,Professional,Full-time,259,FALSE,TRUE,53B43365132049036C341A5,04-09-2009 12:52,820,839,02-02-1988 00:00,8,8,22,8,90,0,1,0,0,0,0,0,816,0.01,76764,16,1,0,0.09,"$50,000-74,999",TRUE,4169,79D13567170266105A6A095,1,9,9,0,0,2000,0,-6,0,,54,38616,2200,22-09-2009 00:00,Q3 2009,BAAB3365713960720B9EFE8,68.05,2246.49,2200,46.49,-6.53,0,0,0,0,1,0,0,0,132
34B535980974400531231A8,1091474,15:39.3,,36,Current,,0.09434,0.0809,0.0709,0.06919,0.0199,0.04929,7,AA,8,1,IL,Accountant/CPA,Employed,124,TRUE,FALSE,,23-12-2013 09:15,700,719,15-01-1983 00:00,14,12,40,9,1100,0,1,0,0,0,0,0,29026,0.62,13623,31,0.96,1,0.25,"$100,000+",TRUE,10000,D3B2370184968688325C67E,,,,,,,,,0,,3,124160,10000,31-12-2013 00:00,Q4 2013,BFAF3701828395325F82F59,313.78,627.56,498.45,129.11,-15.96,0,0,0,0,1,0,0,0,121
1.13E+22,1205183,40:19.0,,36,Current,,0.28943,0.2504,0.2404,0.21912,0.1275,0.09162,2,E,2,1,NY,Professional,Employed,4,TRUE,FALSE,,25-02-2014 04:40,680,699,01-04-1989 00:00,10,10,44,5,510,5,10,0,0,23,0,0,14689,0.82,3111,37,0.83,4,0.29,"$75,000-99,999",TRUE,7167,1C9C37081835026218057E9,1,1,1,0,0,4000,0,-1,0,,1,133278,3333,27-02-2014 00:00,Q1 2014,B3EC370389779959672E80B,132.59,0,0,0,0,0,0,0,0,1,0,0,0,32
1.07E+22,349447,59:55.2,,36,Completed,21-04-2011 00:00,0.08641,0.083,0.073,,,,,,,7,CO,Professional,Full-time,10,TRUE,FALSE,,07-05-2010 09:12,840,859,17-02-2001 00:00,9,8,20,5,34,0,2,0,0,0,0,0,3522,0.12,23978,19,1,0,0.06,"$50,000-74,999",TRUE,5833,F18E3586903617010B0D95F,2,25,25,0,0,17500,0.02,120,0,,46,42554,6500,19-05-2010 00:00,Q2 2010,A1A33365592404582D03518,204.59,6935.35,6499.99,435.36,-52.43,0,0,0,0,1,0,0,0,290
106B35550650717827CA771,628513,40:29.0,,60,Current,,0.28324,0.2573,0.2473,0.2412,0.0925,0.1487,3,D,6,2,NY,Executive,Employed,57,TRUE,FALSE,,14-08-2012 06:04,720,739,09-11-1998 00:00,12,12,15,11,608,2,8,0,0,0,0,0,27233,0.68,12061,15,1,1,0.17,"$75,000-99,999",TRUE,6500,E67C3660625941073D388DF,,,,,,,,,0,,19,73126,7500,28-08-2012 00:00,Q3 2012,57B33540741483703CD2DB1,223.36,4020.48,1349.12,2671.36,-103.84,0,0,0,0,1,0,0,0,17
106F35923604803414D8E04,993198,51:17.9,,36,Current,,0.24614,0.2085,0.1985,0.18316,0.0925,0.09066,3,D,3,7,MI,Skilled Labor,Employed,265,TRUE,FALSE,,21-10-2013 12:51,700,719,08-11-2000 00:00,12,12,33,6,691,0,3,0,0,0,0,0,27699,0.76,5140,29,1,1,0.39,"$50,000-74,999",TRUE,4583,68EF3696387014365F628A1,,,,,,,,,0,,5,108245,10000,30-10-2013 00:00,Q4 2013,56DB369650912631092FBE7,375.98,1498.2077,833.5,664.7077,-32.16,0,0,0,0,1,0,0,0,1
10713594154052807283D9C,993563,07:05.5,,60,Current,,0.26333,0.2379,0.2279,0.20859,0.1125,0.09609,3,D,4,1,MN,Skilled Labor,Employed,83,TRUE,FALSE,,03-11-2013 17:07,660,679,09-09-2003 00:00,15,11,37,8,443,1,4,0,0,0,0,0,16495,0.91,1507,34,1,1,0.3,"$75,000-99,999",TRUE,6250,DB493699557103321100EDE,,,,,,,,,0,,4,118296,15000,29-11-2013 00:00,Q4 2013,A71A36979916210839CF140,429.69,1289.07,407.35,881.72,-37.06,0,0,0,0,1,0,0,0,23
107B3591400829838E5C400,940304,36:13.3,,60,Current,,0.21115,0.187,0.177,0.16468,0.0774,0.08728,4,C,3,1,MN,Teacher,Employed,265,TRUE,FALSE,,06-10-2013 16:36,700,719,01-09-1985 00:00,17,15,52,12,740,1,5,0,0,0,0,0,33454,0.71,13261,49,1,1,0.33,"$75,000-99,999",TRUE,6500,D7B23697295926480B3E856,,,,,,,,,0,,5,107932,15000,23-10-2013 00:00,Q4 2013,C8D03695153054228C2A3ED,386.64,1546.56,616.41,930.15,-49.75,0,0,0,0,1,0,0,0,81
10823544952906119C8A3E7,582049,50:16.7,,60,Completed,04-09-2013 00:00,0.20705,0.183,0.173,0.17,0.042,0.128,5,B,7,3,CA,Computer Programmer,Employed,30,FALSE,TRUE,6A3B336601725506917317E,24-04-2012 12:50,680,699,24-02-2004 00:00,7,7,19,6,373,0,6,0,0,0,0,0,14124,0.89,1576,19,0.89,0,0.17,"$75,000-99,999",TRUE,6333,FE3636498257014110CD493,1,4,4,0,0,2550,0.01,150,0,,23,64867,15000,30-04-2012 00:00,Q2 2012,FDB033671601645100CFE73,383.35,18450.34,15000,3450.34,-184.34,-61.34,0,0,0,1,0,0,0,149
108834307409514865F11EE,389481,10:29.6,B,36,Completed,10-09-2011 00:00,0.18454,0.17,0.16,,,,,,,1,PA,Professional,Full-time,25,TRUE,FALSE,,38:02.8,680,699,01-01-1991 00:00,13,10,51,7,213,3,17,0,0,0,1,0,7324,0.52,6670,43,0.67,6,0.15,"$100,000+",TRUE,8500,E0693431974788527F17C15,,,,,,,,,0,,66,36549,5500,10-09-2008 00:00,Q3 2008,C96E34270001112818AD1E8,196.09,7057.41,5500.01,1557.4,-91.61,0,0,0,0,1,0,0,0,58
108C3556447927451623836,626964,39:37.0,,36,Chargedoff,14-12-2013 00:00,0.35797,0.3177,0.3077,0.2896,0.1625,0.1271,1,HR,5,3,NY,Food Service,Employed,52,TRUE,FALSE,,21-08-2012 09:39,680,699,13-12-1994 00:00,4,4,24,3,50,4,10,0,0,21,1,0,742,0.32,1508,22,0.81,1,0.2,"$25,000-49,999",TRUE,2500,7D6A366117038747151C81B,,,,,,,,,208,15,18,74474,4000,14-09-2012 00:00,Q3 2012,8D493555654874305BA7D9C,173.71,1707.1,702.35,1004.75,-31.64,0,3297.65,3297.65,0,1,0,0,0,22
108E36027739898797E47EC,1202850,31:25.3,,36,Current,,0.09469,0.0809,0.0709,0.06919,0.0199,0.04929,7,AA,11,6,OR,Tradesman - Mechanic,Employed,22,FALSE,FALSE,,12-02-2014 16:31,700,719,28-05-1999 00:00,9,8,24,8,187,0,6,1,15599,5,0,0,2564,0.14,14737,22,0.95,0,0.05,"$75,000-99,999",TRUE,6667,647F370507135609705F686,1,15,15,0,0,4500,0.01,,0,,1,131445,5500,14-02-2014 00:00,Q1 2014,DEC134038262954645D0ADF,172.58,221.361,206.73,14.631,-1.96,0,0,0,0,1,0,0,0,1
10443478111401431D069C2,448615,58:43.1,,36,Completed,21-01-2011 00:00,0.23808,0.2155,0.2055,0.1207,0.08,0.1207,4,C,8,2,OR,Analyst,Full-time,27,FALSE,FALSE,,01-03-2010 18:39,700,719,12-09-2007 00:00,4,3,8,3,70,0,6,0,0,0,0,0,640,0.42,860,4,1,0,0.05,"$25,000-49,999",TRUE,3494,5C233581792037058CD0003,,,,,,,,,0,,48,41171,3000,12-03-2010 00:00,Q1 2010,C3593472686180288C30C32,113.87,3285.07,2999.99,285.08,-13.13,0,0,0,0,1,0,0,0,146
104436007314890417D7D4A,1170552,07:03.8,,60,Current,,0.16662,0.1435,0.1335,0.1264,0.0524,0.074,5,B,6,1,KS,Military Officer,Employed,269,TRUE,FALSE,,30-01-2014 09:07,680,699,23-02-1993 00:00,12,11,30,7,1117,1,3,0,0,0,0,0,37796,0.97,1011,29,0.96,0,0.21,"$100,000+",TRUE,8458,98FE3705695402486E26809,,,,,,,,,0,,1,130226,12475,04-02-2014 00:00,Q1 2014,AE663705327304729CD5A6C,292.54,292.54,155.21,137.33,-9.57,0,0,0,0,1,0,0,0,4
10453596739685417502B89,1086023,57:44.6,,36,Current,,0.17151,0.1355,0.1255,0.11932,0.0474,0.07192,5,B,4,1,CA,,Other,0,TRUE,FALSE,,20-12-2013 14:57,680,699,17-11-1987 00:00,6,6,24,5,184,0,2,0,0,33,1,0,4216,0.76,1284,22,0.81,0,0.15,"$25,000-49,999",TRUE,2429,DEF737015194246431E5838,,,,,,,,,0,,3,122826,4000,26-12-2013 00:00,Q4 2013,27B137004536424715A6210,135.84,271.68,180.65,91.03,-6.72,0,0,0,0,1,0,0,0,2
10463364871408702EBC041,17578,46:36.3,AA,36,Completed,09-01-2007 00:00,0.08483,0.078,0.073,,,,,,,0,CA,,,,FALSE,FALSE,CC8D33653247904019A9059,18:28.4,760,779,27-09-1993 00:00,,,44,15,329,1,3,0,,0,0,,,,,,,,0.13,Not displayed,TRUE,7500,D778336619950984611991E,,,,,,,,,0,,93,1286,3000,13-06-2006 00:00,Q2 2006,3D583364412562188DE10A1,93.73,3103.16,3000,103.16,-6.6,0,0,0,0,1,0,0,0,93
10473563253333928ACA1DC,671952,34:51.9,,36,Current,,0.09484,0.0814,0.0714,0.0701,0.0149,0.0552,7,AA,8,1,SC,Other,Other,198,TRUE,FALSE,,16-11-2012 11:34,800,819,29-11-1978 00:00,12,12,36,14,445,0,0,0,0,0,1,0,12354,0.34,22728,34,1,1,0.29,"$50,000-74,999",TRUE,4167,C82A3668828609742612EA4,,,,,,,,,0,,16,78545,12500,28-11-2012 00:00,Q4 2012,96323564042384034D2706E,392.51,5887.65,4840.89,1046.76,-128.6,0,0,0,0,1,0,0,0,134
1050339184352484208E7EF,153729,31:07.4,HR,36,Completed,03-07-2008 00:00,0.16436,0.15,0.12,,,,,,,0,IL,Other,Full-time,44,FALSE,TRUE,53B233889590051997E1E14,28:32.8,520,539,27-09-2002 00:00,7,4,12,2,155,3,11,1,824,13,0,0,3339,0.83,661,9,0.3,0,0.1,"$50,000-74,999",TRUE,4958,C6A93391549654247BF3C52,,,,,,,,,0,,81,16283,2000,22-06-2007 00:00,Q2 2007,E679338955880845024570C,69.33,2233.1,2000,233.1,-17.94,0,0,0,0,1,1,1,1100,1
10513478508167781E58455,451142,48:25.1,,36,Completed,30-03-2013 00:00,0.09643,0.093,0.083,0.068,0.015,0.068,7,AA,8,3,CA,Other,Full-time,201,TRUE,FALSE,,22-02-2010 20:30,840,859,01-10-1982 00:00,18,17,36,18,600,0,2,0,0,0,0,0,21703,0.35,38139,32,1,2,0.17,"$50,000-74,999",TRUE,5250,FEC23584058352198181803,,,,,,,,,0,,48,41499,9000,30-03-2010 00:00,Q1 2010,3F5034778147415220AABFB,283.91,10352.11,8999.99,1352.12,-145.38,0,0,0,0,1,0,0,0,413
34B6359368663383034A263,975994,51:01.5,,36,Current,,0.35356,0.3134,0.3034,0.27598,0.1625,0.11348,1,HR,2,7,FL,Executive,Employed,109,TRUE,FALSE,,04-11-2013 06:51,640,659,09-02-1996 00:00,8,8,65,4,371,1,1,2,3544,28,0,0,40853,0.74,13638,34,0.85,2,0.44,"$50,000-74,999",TRUE,4800,C5973697782271572F13E7A,,,,,,,,,0,,4,109822,3500,06-11-2013 00:00,Q4 2013,E7023697965677890B17C3B,151.16,450.4748,181.83,268.6448,-8.67,0,0,0,0,1,0,0,0,1
34BA3601932393765853DC4,1188474,33:16.0,,60,Current,,0.20347,0.1795,0.1695,0.15767,0.0774,0.08027,4,C,4,1,MS,Medical Technician,Employed,200,TRUE,FALSE,,05-02-2014 06:33,720,739,04-03-1996 00:00,20,17,40,14,1085,3,4,0,0,0,0,0,38586,0.6,20538,33,1,2,0.39,"$75,000-99,999",TRUE,6667,4.83E+22,,,,,,,,,0,,1,131305,15000,07-02-2014 00:00,Q1 2014,37BC370436125957640D2CA,380.49,0,0,0,0,0,0,0,0,1,0,0,0,1
34BB35893883024496662F5,899514,36:42.9,,36,Current,,0.2129,0.176,0.166,0.15519,0.0699,0.08529,4,C,7,1,MD,Executive,Employed,19,FALSE,FALSE,,11-09-2013 11:36,660,679,01-06-1989 00:00,6,6,44,6,206,3,3,0,0,8,1,0,4872,0.16,12169,42,0.85,3,0.07,"$100,000+",TRUE,10000,8E37369374562184444FAEE,,,,,,,,,0,,6,101432,4500,13-09-2013 00:00,Q3 2013,FD61369205502881523FACF,161.78,808.9,491.35,317.55,-18.04,0,0,0,0,1,0,0,0,30
34CA3604869254447C5ED43,1226936,03:37.6,,36,Current,,0.13734,0.1089,0.0989,0.09531,0.0324,0.06291,6,A,6,1,IN,Professor,Employed,79,TRUE,FALSE,,02-03-2014 09:58,700,719,28-08-2003 00:00,4,4,11,3,226,0,3,1,0,5,0,0,9310,0.76,2770,10,1,0,0.07,"$75,000-99,999",TRUE,7221,90EA3708511136063CBB861,,,,,,,,,0,,0,135577,9310,06-03-2014 00:00,Q1 2014,E5943706908071341A01598,304.31,0,0,0,0,0,0,0,0,1,0,0,0,1
34D1354489785280859E146,578652,39:18.7,,36,Completed,26-07-2012 00:00,0.28851,0.2499,0.2399,0.234,0.119,0.115,3,D,5,7,FL,Other,Not employed,9,TRUE,FALSE,,11-04-2012 06:52,760,779,01-12-1985 00:00,7,7,16,6,883,0,0,0,0,0,0,0,33934,0.88,4194,15,1,0,,Not employed,FALSE,0,6B1E3648617191641D4F732,,,,,,,,,0,,23,63781,10000,17-04-2012 00:00,Q2 2012,0B3A35450946276237DF676,397.55,10669.17,10000,669.17,-26.78,0,0,0,0,1,0,0,0,161
34D33477888426825B1868B,450703,32:10.9,,36,Completed,23-01-2012 00:00,0.11296,0.092,0.082,0.0608,0.021,0.0608,6,A,9,3,GA,Tradesman - Mechanic,Full-time,125,TRUE,FALSE,,16-03-2010 08:22,760,779,13-08-1999 00:00,11,11,19,8,240,0,3,0,0,0,0,0,2875,0.12,15416,16,1,0,0.29,"$50,000-74,999",TRUE,5587,BDCD358412441334447830B,,,,,,,,,0,,48,41396,6500,25-03-2010 00:00,Q1 2010,C48C3396794822948CF5A6F,207.3,7240.71,6500,740.71,-80.5,0,0,0,0,1,0,0,0,209
34D4336478646405669B883,24415,14:35.0,E,36,Chargedoff,27-11-2008 00:00,0.24753,0.24,0.235,,,,,,,0,,Other,Not available,,FALSE,TRUE,6A3B336601725506917317E,24:37.4,580,599,12-11-1995 00:00,,,24,3,809,5,16,0,,0,0,,,,,,,,0.28,Not displayed,TRUE,5833,34EE33656433917716DDCD4,,,,,,,,,2053,28,92,2136,10000,26-07-2006 00:00,Q3 2006,ADC7336454028884549972D,392.33,9323.59,5906.73,3416.86,-71.19,0,4093.27,4093.27,0,1,0,0,0,101
34DF3384098385182061E1E,114471,42:31.4,AA,36,Completed,13-09-2007 00:00,0.10642,0.0995,0.0945,,,,,,,0,WA,Skilled Labor,Full-time,247,TRUE,FALSE,,01:13.0,780,799,24-04-1989 00:00,7,6,36,5,16,1,6,0,0,2,0,0,554,0.05,9946,34,0.82,1,0.19,"$25,000-49,999",TRUE,3616,0CF03386136347317846A5B,,,,,,,,,0,,83,12467,15000,03-04-2007 00:00,Q2 2007,F4E3338367167422346BB73,483.66,15631.12,15000,631.12,-31.72,0,0,0,0,1,0,0,0,430
34E13569083162821956F5F,703648,23:00.3,,36,Current,,0.09988,0.0864,0.0764,0.0746,0.0199,0.0547,7,AA,10,1,MS,Teacher,Employed,281,FALSE,FALSE,,22-01-2013 10:22,720,739,01-10-1986 00:00,14,14,43,13,1067,0,3,0,0,0,0,0,32931,0.45,37198,42,1,0,,"$75,000-99,999",FALSE,7083,4FA73673544437783C6A90B,3,46,46,0,0,18200,13536.15,8,0,,14,82799,3600,24-01-2013 00:00,Q1 2013,0E0F3365400755536ACD8C8,113.88,1480.44,1194.13,286.31,-33.13,0,0,0,0,1,0,0,0,73
10533599454531437D39C05,1110686,52:07.3,,60,Current,,0.21832,0.194,0.184,0.17019,0.0874,0.08279,4,C,4,1,CA,Postal Service,Employed,381,TRUE,FALSE,,02-01-2014 10:52,660,679,27-06-2001 00:00,19,15,50,11,526,1,5,0,0,0,0,0,36795,0.58,11302,46,1,2,0.23,"$50,000-74,999",TRUE,5417,BA653703455220159E815A9,,,,,,,,,0,,2,124575,12000,07-01-2014 00:00,Q1 2014,C7FC3701635638984EE646E,313.93,307.5519,116.21,191.3419,-10.19,0,0,0,0,1,0,0,0,1
106335993636414276CB477,1119836,27:50.3,,36,Current,,0.32446,0.285,0.275,0.25006,0.1475,0.10256,2,E,3,3,WA,Sales - Commission,Employed,108,FALSE,FALSE,,08-01-2014 14:27,640,659,09-10-1998 00:00,3,3,24,3,162,1,3,0,0,0,0,0,7177,0.63,4123,22,0.73,1,0.06,"$75,000-99,999",TRUE,6250,BBE63704110073042883EB9,,,,,,,,,0,,2,126992,4000,16-01-2014 00:00,Q1 2014,A11F3694615686626190A12,166.54,166.54,69.72,96.82,-3.4,0,0,0,0,1,0,0,0,5
0EF23547245689059886EA6,587828,49:41.6,,36,Current,,0.18316,0.1469,0.1369,0.1346,0.042,0.0926,5,B,6,7,GA,Social Worker,Employed,14,TRUE,FALSE,,09-05-2012 23:49,700,719,01-03-1986 00:00,22,14,45,15,466,0,2,0,0,0,0,0,31382,0.95,326,38,0.94,0,0.33,"$75,000-99,999",TRUE,6250,130936508666435434981F5,1,14,14,0,0,4000,2800.86,-11,0,,22,65384,2900,14-05-2012 00:00,Q2 2012,61A33510032921667C3B429,100.09,2101.89,1533.87,568.02,-38.66,0,0,0,0,1,0,0,0,48
0F0F33770589739293D8AB0,76651,19:22.6,HR,36,Completed,23-05-2007 00:00,0.24856,0.24,0.235,,,,,,,0,,Other,Not available,,FALSE,FALSE,,52:49.3,500,519,30-10-1998 00:00,,,18,6,167,3,11,2,,0,0,,,,,,,,0.08,Not displayed,TRUE,3333,E84233771929058567B4D76,,,,,,,,,0,,87,5979,2200,28-12-2006 00:00,Q4 2006,72663376688433498880BC7,86.31,2403.26,2200,203.26,-4.23,0,0,0,0,1,0,0,0,19
0F1E35343868130956BD68F,544844,50:26.0,,36,Defaulted,20-08-2012 00:00,0.34731,0.3073,0.2973,0.2837,0.149,0.1347,2,E,1,2,MN,Postal Service,Employed,87,TRUE,FALSE,,16-12-2011 03:50,660,679,11-03-1999 00:00,16,15,33,14,343,11,34,1,0,0,0,0,4752,0.23,8306,32,0.96,5,0.13,"$50,000-74,999",TRUE,4583,44BC36372930801559159FD,1,2,1,1,0,4500,0,-17,170,8,27,57647,5500,20-12-2011 00:00,Q4 2011,B64B35063311601836A9F9B,235.69,707.07,292.65,414.42,-13.48,0,5207.35,5207.35,0,1,0,0,0,45
0F4C35965009736891E5D16,1068929,54:33.4,,36,Current,,0.23438,0.197,0.187,0.17274,0.0899,0.08284,4,C,3,1,FL,Other,Employed,120,FALSE,FALSE,,07-12-2013 16:14,680,699,27-08-2004 00:00,7,6,17,5,293,0,1,0,0,0,0,0,8250,0.58,5055,15,1,0,0.35,"$25,000-49,999",TRUE,2842,CD3B3701673821584F93ACF,,,,,,,,,0,,3,123312,7500,30-12-2013 00:00,Q4 2013,B5433699539450216E19963,277.58,551.1121,314.66,236.4521,-12.21,0,0,0,0,1,0,0,0,1
0F4E35955261089459E8093,1000306,10:13.3,,36,Current,,0.33215,0.2925,0.2825,0.25691,0.1475,0.10941,2,E,3,2,NC,Sales - Retail,Employed,110,TRUE,FALSE,,16-11-2013 20:10,640,659,01-12-1987 00:00,3,2,15,3,121,2,2,2,2617,5,0,0,175,0.25,525,10,0.8,1,0.09,"$25,000-49,999",TRUE,3333,0AAA3697703567547111CDB,,,,,,,,,0,,4,111500,4000,20-11-2013 00:00,Q4 2013,EB97369819143958622933D,168.17,504.51,214.94,289.57,-9.91,0,0,0,0,1,0,0,0,33
0F553545765264265019C50,580728,37:22.1,,36,Current,,0.25259,0.2148,0.2048,0.2,0.089,0.111,4,C,7,2,WI,Computer Programmer,Employed,71,TRUE,FALSE,,20-04-2012 13:37,680,699,05-08-2003 00:00,11,11,17,8,350,6,7,0,0,0,0,0,14879,0.3,33521,15,1,4,0.18,"$50,000-74,999",TRUE,5333,2CFF36505332726283C35E5,,,,,,,,,0,,22,64992,13500,02-05-2012 00:00,Q2 2012,19973545454167985ABA07B,511.95,11262.9,7203.09,4059.81,-189,0,0,0,0,1,0,0,0,24
0F5F35637146184426F6F85,672376,07:50.1,,36,Current,,0.13697,0.1089,0.0989,0.0956,0.0299,0.0657,6,A,8,7,LA,Attorney,Employed,4,TRUE,FALSE,,16-11-2012 11:07,680,699,26-09-1994 00:00,17,15,50,11,314,0,2,0,0,15,0,0,4438,0.1,35962,38,0.84,0,,"$50,000-74,999",FALSE,6000,A97A3667293099426E5E2B0,1,6,6,0,0,4000,0,12,0,,16,77823,2000,20-11-2012 00:00,Q4 2012,E5FE3536060802104A6BDCC,65.37,980.55,750.23,230.32,-21.15,0,0,0,0,1,0,0,0,28
2D59337364929273288AFC4,62504,31:16.4,HR,36,Defaulted,22-06-2007 00:00,0.2659,0.25,0.235,,,,,,,0,MO,Military Enlisted,Not available,,FALSE,TRUE,5AFC33643897547591BD1C8,55:16.8,480,499,18-03-2004 00:00,,,3,2,50,2,4,1,,2,0,,,,,,,,0.49,Not displayed,TRUE,200,98713373575033620B3BF45,,,,,,,,,184,8,88,4846,1200,21-11-2006 00:00,Q4 2006,9C4B337401069034703BFF6,47.71,78.05,6.24,71.81,-1.18,0,1193.77,1193.76,0,1,0,0,0,14
2D593491034220560C1708E,469092,13:13.0,,36,Defaulted,10-05-2012 00:00,0.27119,0.2365,0.2265,0.1341,0.087,0.1341,4,C,6,1,CA,Teacher,Self-employed,3,TRUE,FALSE,,07-07-2010 14:35,860,879,08-10-1999 00:00,5,5,9,4,267,0,0,0,0,0,0,0,2785,0.06,39615,9,1,0,,"$25,000-49,999",FALSE,3333,74323594369048749C7F0D6,,,,,,,,,150,1,43,43843,6000,09-08-2010 00:00,Q3 2010,367B348955246532073DD98,234.3,3748.8,2155.59,1593.21,-67.39,0,3844.41,3844.41,685,1,0,0,0,243
2D59353745185472301C839,556219,13:30.5,,36,Chargedoff,15-09-2013 00:00,0.35797,0.3177,0.3077,0.2896,0.165,0.1246,1,HR,5,2,MD,Other,Not employed,7,FALSE,FALSE,,03-02-2012 05:13,660,679,01-03-1979 00:00,3,3,43,5,151,0,2,0,0,83,1,0,3029,0.53,2621,36,0.44,1,,Not employed,FALSE,0,576D3643338197190A91BD1,,,,,,,,,298,19,25,60674,4000,16-02-2012 00:00,Q1 2012,A2603539184865789204203,173.71,2431.94,1134.65,1297.29,-40.84,0,2865.35,2865.35,0,1,0,0,0,45
2D5A3586746849639718666,871842,29:16.6,,36,Current,,0.20462,0.1679,0.1579,0.1487,0.0599,0.0888,5,B,4,14,OH,Other,Other,276,TRUE,FALSE,,16-08-2013 15:23,700,719,15-06-2000 00:00,10,10,17,7,312,4,9,0,0,0,1,0,8985,0.74,2763,14,0.92,1,0.27,"$50,000-74,999",TRUE,4583,F4DE3691339375815C0C321,1,13,12,1,0,4000,2853.84,-33,0,,7,99569,3500,22-08-2013 00:00,Q3 2013,5EC83552194584688562DB0,124.42,746.52,466.52,280,-16.67,0,0,0,0,1,0,0,0,11
2D5D3402505070975734566,217795,43:03.7,C,36,Completed,03-09-2010 00:00,0.19835,0.18,0.17,,,,,,,0,MN,Other,Retired,25,FALSE,FALSE,,08:12.6,640,659,07-06-1988 00:00,10,8,51,7,104,9,30,1,0,14,1,0,2856,0.64,1508,44,0.7,1,0.58,"$1-24,999",TRUE,1000,0E1B34046110175658AD1B9,,,,,,,,,0,,77,21275,1000,31-10-2007 00:00,Q4 2007,B01233722961181841A3AAB,36.15,1283.14,999.96,283.18,-15.74,0,0,0,0,1,0,0,0,13
2D5D35974326318359553BC,1102376,01:37.9,,60,Current,,0.18197,0.1585,0.1485,0.13953,0.0624,0.07713,4,C,8,2,NJ,Sales - Commission,Employed,41,TRUE,FALSE,,29-12-2013 21:01,680,699,22-12-2002 00:00,3,2,6,1,0,3,6,0,0,0,0,0,0,0,3000,6,1,0,0.06,"$100,000+",TRUE,9500,9E833701818404225723132,2,30,30,0,0,20200,0,,0,,2,123999,24800,03-01-2014 00:00,Q1 2014,54BD34798076095029DC1DF,601.11,1202.22,570.08,632.14,-39.88,0,0,0,0,1,0,0,0,303
2D663593594676625A57EB1,966935,26:50.8,,60,Current,,0.19988,0.176,0.166,0.15519,0.0699,0.08529,4,C,6,1,TX,Professional,Employed,145,FALSE,FALSE,,23-10-2013 13:26,700,719,02-01-1992 00:00,8,8,17,6,461,0,2,0,0,0,0,0,16057,0.93,1043,17,1,0,0.3,"$75,000-99,999",TRUE,7667,40FC3697101142795A358F5,,,,,,,,,0,,5,107172,15000,25-10-2013 00:00,Q4 2013,FFDE3696961271100E14B80,377.64,1503.3271,634.95,868.3771,-49.75,0,0,0,0,1,0,0,0,1
2D77337290872125308271B,53938,42:58.8,D,36,Defaulted,30-06-2007 00:00,0.30781,0.3,0.28,,,,,,,0,CA,Analyst,Not available,,FALSE,TRUE,5AFC33643897547591BD1C8,50:50.0,600,619,01-10-1998 00:00,,,14,4,29,44,51,0,,0,0,,,,,,,,0.41,Not displayed,TRUE,3750,F07D3372240886930FD3BA2,,,,,,,,,174,8,88,4375,10000,01-11-2006 00:00,Q4 2006,001233710796391269300A2,424.52,1236.42,530.9,705.52,-12.38,0,9469.1,9469.1,0,1,0,0,0,14
2D773581713064168BCF5CC,802471,37:10.6,,60,Current,,0.29998,0.2736,0.2636,0.241,0.1175,0.1235,3,D,4,1,VA,Military Enlisted,Employed,158,FALSE,FALSE,,08-06-2013 14:39,640,659,21-05-1997 00:00,6,6,19,5,312,1,3,0,0,5,0,0,7164,0.97,126,17,0.76,0,0.22,"$50,000-74,999",TRUE,5833,771E368622994944525F3FE,,,,,,,,,0,,9,93144,15000,20-06-2013 00:00,Q2 2013,D39835803606286006F3170,461.26,3690.08,1014.97,2675.11,-97.76,0,0,0,0,1,0,0,0,151
0F6133644711535583E92C3,17091,48:17.2,E,36,Defaulted,08-10-2007 00:00,0.23937,0.23,0.225,,,,,,,0,AZ,,,,FALSE,FALSE,,43:15.4,540,559,05-08-1996 00:00,,,36,8,137,3,22,8,,10,1,,,,,,,,0.2,Not displayed,TRUE,2500,A95D336548087927286BB7F,,,,,,,,,199,16,93,1245,2000,09-06-2006 00:00,Q2 2006,E9F6336457276824130C88E,77.42,831.62,415.44,416.18,-8.71,0,1590.4,1584.56,0,1,0,0,0,13
0F61352976840231904FB80,533052,06:33.8,,36,Completed,04-06-2013 00:00,0.2951,0.2599,0.2499,0.2437,0.112,0.1317,3,D,5,7,KY,Other,Employed,211,FALSE,FALSE,,05-10-2011 19:22,720,739,10-12-1993 00:00,14,8,44,6,111,0,3,0,0,1,0,0,3068,0.98,10,40,0.97,1,0.32,"$50,000-74,999",TRUE,4167,D9BC3632889146385A8CB97,,,,,,,,,0,,29,54803,3800,24-10-2011 00:00,Q4 2011,52B133838110427001AC4D4,153.08,5085.37,3800,1285.37,-49.46,0,0,0,0,1,0,0,0,48
10AE357827721554660AC5B,768825,40:11.0,,60,Current,,0.20081,0.1769,0.1669,0.1575,0.0574,0.1001,5,B,5,1,TX,Nurse (RN),Employed,54,TRUE,FALSE,,05-05-2013 11:39,720,739,03-09-2002 00:00,16,15,34,11,425,1,4,0,0,0,0,0,14718,0.32,29883,33,1,1,0.29,"$75,000-99,999",TRUE,6667,79CD3682794927288871939,,,,,,,,,0,,10,90742,15000,17-05-2013 00:00,Q2 2013,345B3560995005100ADC902,378.38,3368.1501,1450.25,1917.9001,-108.82,0,0,0,0,1,0,0,0,1
10B03560492883055C87101,656502,53:25.0,,60,Current,,0.15752,0.1346,0.1246,0.1205,0.0299,0.0906,6,A,9,19,NY,Other,Employed,89,TRUE,FALSE,,18-10-2012 14:53,840,859,07-01-1992 00:00,6,5,17,4,420,4,6,0,0,0,0,0,5544,0.11,40956,17,0.94,0,0.04,"$100,000+",TRUE,33333,43C23665290560530B80B44,,,,,,,,,0,,17,76698,25000,29-10-2012 00:00,Q4 2012,FA2435615582268594CA3CF,574.73,9195.68,5124.19,4071.49,-302.48,0,0,0,0,1,0,0,0,34
10B435350152911102085B4,545512,42:40.7,,36,Completed,22-06-2012 00:00,0.19108,0.1621,0.1521,0.1495,0.0595,0.09,5,B,8,1,FL,Waiter/Waitress,Employed,79,FALSE,FALSE,,19-12-2011 11:42,660,679,02-06-2003 00:00,6,3,12,2,10,0,0,0,0,0,0,0,422,0.84,78,12,1,0,0.09,"$25,000-49,999",TRUE,2083,633F36381436782849E1183,,,,,,,,,0,,27,57865,3000,22-12-2011 00:00,Q4 2011,E84E3498648674455C2AEB5,105.78,3110.04,3000.01,110.03,-6.79,0,0,0,0,1,0,0,0,58
10BC3490850656956BA3148,469529,26:42.5,,36,Completed,09-08-2013 00:00,0.29265,0.2575,0.2475,0.1434,0.098,0.1434,3,D,8,7,NY,Professional,Employed,3,FALSE,FALSE,,30-07-2010 05:02,660,679,21-08-1998 00:00,9,7,31,4,78,2,3,0,0,0,0,0,3155,0.75,849,23,1,0,0.12,"$100,000+",TRUE,10000,E2EF3594733023807776A7A,1,35,31,4,0,3000,0,26,0,,43,43868,3000,09-08-2010 00:00,Q3 2010,5709339069157083673EE2F,0,4522.19,2999.99,1522.2,-52.12,-30.12,0,0,0,1,0,0,0,53